element_type,ep_next,ep_this,event_points,form,id,news,news_added,now_cost,photo,points_per_game,selected_by_percent,status,team,team_code,total_points,value_form,value_season,web_name,minutes,goals_scored,assists,clean_sheets,goals_conceded,own_goals,penalties_saved,penalties_missed,yellow_cards,red_cards,saves,bonus,bps,influence,creativity,threat,ict_index,starts,expected_goals,expected_assists,expected_goal_involvements,expected_goals_conceded,influence_rank,creativity_rank,threat_rank,ict_index_rank,corners_and_indirect_freekicks_order,direct_freekicks_order,penalties_order,expected_goals_per_90,saves_per_90,expected_assists_per_90,expected_goal_involvements_per_90,expected_goals_conceded_per_90,goals_conceded_per_90,starts_per_90,clean_sheets_per_90,position,goal_involvements,money_value,performance,next_match,next_3_FDRs,next_3_avg_FDRs,next_3,next_5_FDRs,next_5_avg_FDRs,next_5,FPL_ID,fbref_id,Understat_ID,transfermarkt,league_id,season_id,player_id,xg,np_goals,np_xg,xa,shots,key_passes,xg_chain,xg_buildup
DEF,3.9,3.9,0,4.2,3,Muscle injury - 75% chance of playing,2024-11-27T10:30:06.325759Z,6.2,https://resources.premierleague.com/premierleague/photos/players/250x250/p226597.png,4.6,25.3,d,Arsenal,3,60,0.7,9.7,Gabriel,1088,3,1,4,13,0,0,0,1,0,0,4,210,313.4,68.2,215.0,59.7,13,1.76,0.50,2.26,12.50,42,209,55,75,,,,0.15,0.0,0.04,0.19,1.03,1.08,1.08,0.33,Defender,4.0,9.68,1.74,"['Fulham', 'Away']","[3, 2, 2]",2.33,"['Fulham', 'Everton', 'Crystal Palace']","[3, 2, 2, 2, 3]",2.4,"['Fulham', 'Everton', 'Crystal Palace', 'Ipswich', 'Brentford']",3,67ac5bb8,5613,435338,1,2024,5613,3.01,3,3.01,0.44,14,4,5.36,4.97
DEF,6.8,6.8,14,5.8,6,,2024-10-04T13:30:05.569185Z,5.6,https://resources.premierleague.com/premierleague/photos/players/250x250/p445122.png,3.8,3.5,a,Arsenal,3,45,1.0,8.0,J.Timber,950,1,1,4,9,0,0,0,3,0,0,2,158,168.8,154.6,135.0,45.6,11,0.67,0.43,1.1,9.89,167,106,103,128,,,,0.06,0.0,0.04,0.1,0.94,0.85,1.04,0.38,Defender,2.0,8.04,0.9,"['Fulham', 'Away']","[3, 2, 2]",2.33,"['Fulham', 'Everton', 'Crystal Palace']","[3, 2, 2, 2, 3]",2.4,"['Fulham', 'Everton', 'Crystal Palace', 'Ipswich', 'Brentford']",6,41034650,11707,420243,1,2024,11707,0.87,1,0.87,0.88,10,12,3.37,2.74
DEF,3.0,3.0,6,2.0,8,,,4.8,https://resources.premierleague.com/premierleague/photos/players/250x250/p440854.png,1.6,0.2,a,Arsenal,3,11,0.4,2.3,Kiwior,233,0,0,1,4,0,0,0,0,0,0,0,31,37.8,11.5,0.0,4.9,1,0.00,0.00,0.0,4.29,353,353,636,389,,,,0.0,0.0,0.0,0.0,1.66,1.55,0.39,0.39,Defender,0.0,2.29,0.0,"['Fulham', 'Away']","[3, 2, 2]",2.33,"['Fulham', 'Everton', 'Crystal Palace']","[3, 2, 2, 2, 3]",2.4,"['Fulham', 'Everton', 'Crystal Palace', 'Ipswich', 'Brentford']",8,dc3e663e,10012,425918,1,2024,10012,0.0,0,0.0,0.06,0,1,0.06,0.0
DEF,7.2,7.2,15,6.2,18,,2024-10-19T19:30:06.564445Z,6.0,https://resources.premierleague.com/premierleague/photos/players/250x250/p462424.png,3.5,23.4,a,Arsenal,3,46,1.0,7.7,Saliba,1109,1,0,5,12,0,0,0,2,1,0,4,207,244.4,40.0,43.0,33.0,13,0.69,0.61,1.3,11.38,88,276,236,190,,,,0.06,0.0,0.05,0.11,0.92,0.97,1.06,0.41,Defender,1.0,7.67,-0.3,"['Fulham', 'Away']","[3, 2, 2]",2.33,"['Fulham', 'Everton', 'Crystal Palace']","[3, 2, 2, 2, 3]",2.4,"['Fulham', 'Everton', 'Crystal Palace', 'Ipswich', 'Brentford']",18,972aeb2a,6888,495666,1,2024,6888,0.96,1,0.96,0.52,1,2,5.93,5.93
DEF,0.0,0.0,0,0.0,22,Knee injury - Unknown return date,2024-10-18T16:00:06.930143Z,4.8,https://resources.premierleague.com/premierleague/photos/players/250x250/p223723.png,1.0,0.0,i,Arsenal,3,1,0.0,0.2,Tomiyasu,6,0,0,0,0,0,0,0,0,0,0,0,2,0.4,0.3,9.0,1.0,0,0.18,0.00,0.18,0.04,465,434,343,444,,,,2.7,0.0,0.0,2.7,0.6,0.0,0.0,0.0,Defender,0.0,0.21,-0.18,"['Fulham', 'Away']","[3, 2, 2]",2.33,"['Fulham', 'Everton', 'Crystal Palace']","[3, 2, 2, 2, 3]",2.4,"['Fulham', 'Everton', 'Crystal Palace', 'Ipswich', 'Brentford']",22,b3af9be1,7931,331560,1,2024,7931,0.17,0,0.17,0.0,1,0,0.0,0.0
DEF,0.0,0.0,0,0.2,24,Knee injury - Unknown return date,2024-11-14T13:00:07.861117Z,6.1,https://resources.premierleague.com/premierleague/photos/players/250x250/p198869.png,3.0,2.7,i,Arsenal,3,27,0.0,4.4,White,694,0,1,3,7,0,0,0,2,0,0,0,112,128.4,55.3,29.0,21.3,7,0.13,0.32,0.45,9.87,215,233,274,259,,,,0.02,0.0,0.04,0.06,1.28,0.91,0.91,0.39,Defender,1.0,4.43,0.55,"['Fulham', 'Away']","[3, 2, 2]",2.33,"['Fulham', 'Everton', 'Crystal Palace']","[3, 2, 2, 2, 3]",2.4,"['Fulham', 'Everton', 'Crystal Palace', 'Ipswich', 'Brentford']",24,35e413f1,7298,335721,1,2024,7298,0.11,0,0.11,0.41,4,3,2.05,1.96
DEF,2.8,2.8,5,1.8,25,,2024-09-15T23:00:06.018330Z,4.8,https://resources.premierleague.com/premierleague/photos/players/250x250/p206325.png,2.5,1.0,a,Arsenal,3,15,0.4,3.1,Zinchenko,234,0,0,2,0,0,0,0,1,0,0,0,60,22.2,23.2,21.0,6.7,2,0.06,0.08,0.14,1.73,383,313,295,365,,,,0.02,0.0,0.03,0.05,0.67,0.0,0.77,0.77,Defender,0.0,3.12,-0.14,"['Fulham', 'Away']","[3, 2, 2]",2.33,"['Fulham', 'Everton', 'Crystal Palace']","[3, 2, 2, 2, 3]",2.4,"['Fulham', 'Everton', 'Crystal Palace', 'Ipswich', 'Brentford']",25,51cf8561,2958,203853,1,2024,2958,0.06,0,0.06,0.04,1,1,1.39,1.39
DEF,1.9,2.5,0,1.5,578,Knock - 75% chance of playing,2024-12-05T01:00:08.685840Z,5.8,https://resources.premierleague.com/premierleague/photos/players/250x250/p466075.png,2.5,1.5,d,Arsenal,3,20,0.3,3.4,Calafiori,505,1,0,1,8,0,0,0,1,0,0,1,77,137.8,46.3,111.0,29.4,6,0.55,0.43,0.98,5.93,204,266,126,211,,,,0.1,0.0,0.08,0.18,1.06,1.43,1.07,0.18,Defender,1.0,3.45,0.02,"['Fulham', 'Away']","[3, 2, 2]",2.33,"['Fulham', 'Everton', 'Crystal Palace']","[3, 2, 2, 2, 3]",2.4,"['Fulham', 'Everton', 'Crystal Palace', 'Ipswich', 'Brentford']",578,aded8e6f,8129,502821,1,2024,8129,0.56,1,0.56,0.08,5,2,2.12,2.08
DEF,2.5,2.0,7,2.0,32,,2024-11-04T00:00:07.281139Z,4.4,https://resources.premierleague.com/premierleague/photos/players/250x250/p199796.png,2.3,1.2,a,Aston Villa,7,21,0.5,4.8,Cash,650,1,0,1,8,0,0,0,3,0,0,0,82,135.4,38.7,32.0,20.6,8,0.05,0.18,0.23,8.14,206,279,256,261,,,,0.01,0.0,0.02,0.03,1.13,1.11,1.11,0.14,Defender,1.0,4.77,0.77,"['Southampton', 'Home']","[2, 2, 5]",3.0,"['Southampton', ""Nott'm Forest"", 'Man City']","[2, 2, 5, 4, 2]",3.0,"['Southampton', ""Nott'm Forest"", 'Man City', 'Newcastle', 'Brighton']",32,2389cdc2,8864,425334,1,2024,8864,0.1,1,0.1,0.48,2,2,2.99,2.92
DEF,0.7,0.2,0,0.2,35,,2024-09-25T21:30:06.256588Z,4.5,https://resources.premierleague.com/premierleague/photos/players/250x250/p165659.png,1.7,0.5,a,Aston Villa,7,12,0.0,2.7,Diego Carlos,558,0,0,1,11,0,0,0,1,0,0,0,33,84.8,7.3,43.0,13.6,5,0.51,0.05,0.56,8.64,272,373,234,308,,,,0.08,0.0,0.01,0.09,1.39,1.77,0.81,0.16,Defender,0.0,2.67,-0.56,"['Southampton', 'Home']","[2, 2, 5]",3.0,"['Southampton', ""Nott'm Forest"", 'Man City']","[2, 2, 5, 4, 2]",3.0,"['Southampton', ""Nott'm Forest"", 'Man City', 'Newcastle', 'Brighton']",35,b4a014b1,5712,329145,1,2024,5712,0.91,0,0.91,0.0,3,0,1.98,1.98
DEF,2.0,1.5,2,1.5,36,,,4.7,https://resources.premierleague.com/premierleague/photos/players/250x250/p101188.png,2.9,9.9,a,Aston Villa,7,41,0.3,8.7,Digne,1042,0,3,2,18,0,0,0,3,0,0,6,182,244.4,311.4,73.0,63.0,13,0.54,2.09,2.63,13.68,87,29,183,69,2.0,2.0,,0.05,0.0,0.18,0.23,1.18,1.55,1.12,0.17,Defender,3.0,8.72,0.37,"['Southampton', 'Home']","[2, 2, 5]",3.0,"['Southampton', ""Nott'm Forest"", 'Man City']","[2, 2, 5, 4, 2]",3.0,"['Southampton', ""Nott'm Forest"", 'Man City', 'Newcastle', 'Brighton']",36,1b84dbe1,1823,126664,1,2024,1823,0.53,0,0.53,4.92,7,19,4.91,3.51
DEF,1.5,1.0,2,1.0,44,,2024-11-21T08:30:08.587167Z,4.4,https://resources.premierleague.com/premierleague/photos/players/250x250/p199798.png,1.9,7.8,a,Aston Villa,7,23,0.2,5.2,Konsa,1001,1,0,0,20,0,0,0,0,0,0,1,125,188.8,57.5,57.0,30.4,12,0.35,0.34,0.69,13.93,145,229,208,204,,,,0.03,0.0,0.03,0.06,1.25,1.8,1.08,0.0,Defender,1.0,5.23,0.31,"['Southampton', 'Home']","[2, 2, 5]",3.0,"['Southampton', ""Nott'm Forest"", 'Man City']","[2, 2, 5, 4, 2]",3.0,"['Southampton', ""Nott'm Forest"", 'Man City', 'Newcastle', 'Brighton']",44,0313a347,7726,413403,1,2024,7726,0.47,1,0.47,0.15,3,2,4.98,4.6
DEF,1.0,0.5,1,0.5,45,,2024-11-14T10:00:07.838636Z,4.6,https://resources.premierleague.com/premierleague/photos/players/250x250/p441302.png,0.9,1.5,a,Aston Villa,7,10,0.1,2.2,Maatsen,223,0,0,0,5,0,0,0,1,0,0,0,36,50.4,118.2,48.0,21.7,1,0.07,0.75,0.82,3.77,328,142,225,256,,,,0.03,0.0,0.3,0.33,1.52,2.02,0.4,0.0,Defender,0.0,2.17,-0.82,"['Southampton', 'Home']","[2, 2, 5]",3.0,"['Southampton', ""Nott'm Forest"", 'Man City']","[2, 2, 5, 4, 2]",3.0,"['Southampton', ""Nott'm Forest"", 'Man City', 'Newcastle', 'Brighton']",45,cab9634e,11807,485585,1,2024,11807,0.08,0,0.08,0.8,3,8,2.94,2.51
DEF,1.0,0.5,2,0.5,49,,2024-08-05T15:00:04.309727Z,4.4,https://resources.premierleague.com/premierleague/photos/players/250x250/p149484.png,2.0,0.1,a,Aston Villa,7,2,0.1,0.5,Mings,90,0,0,0,1,0,0,0,0,0,0,0,13,20.6,0.7,12.0,3.3,1,0.16,0.01,0.17,1.03,388,422,324,402,,,,0.16,0.0,0.01,0.17,1.03,1.0,1.0,0.0,Defender,0.0,0.45,-0.17,"['Southampton', 'Home']","[2, 2, 5]",3.0,"['Southampton', ""Nott'm Forest"", 'Man City']","[2, 2, 5, 4, 2]",3.0,"['Southampton', ""Nott'm Forest"", 'Man City', 'Newcastle', 'Brighton']",49,8397a50c,1024,253677,1,2024,1024,0.18,0,0.18,0.0,2,0,0.9,0.9
DEF,0.5,0.0,0,0.0,50,,,4.0,https://resources.premierleague.com/premierleague/photos/players/250x250/p578545.png,1.0,1.0,a,Aston Villa,7,3,0.0,0.8,Nedeljkovic,93,0,0,0,2,0,0,0,0,0,0,0,13,22.2,6.3,0.0,2.9,0,0.00,0.02,0.02,1.84,382,382,482,406,,,,0.0,0.0,0.02,0.02,1.78,1.94,0.0,0.0,Defender,0.0,0.75,-0.02,"['Southampton', 'Home']","[2, 2, 5]",3.0,"['Southampton', ""Nott'm Forest"", 'Man City']","[2, 2, 5, 4, 2]",3.0,"['Southampton', ""Nott'm Forest"", 'Man City', 'Newcastle', 'Brighton']",50,c70be9cf,12775,848682,1,2024,12775,0.0,0,0.0,0.0,0,0,0.17,0.17
DEF,1.3,0.8,0,0.8,52,,2024-11-13T15:00:07.856081Z,4.4,https://resources.premierleague.com/premierleague/photos/players/250x250/p244954.png,1.6,1.5,a,Aston Villa,7,21,0.2,4.8,Pau,1170,0,0,1,22,0,0,0,1,0,0,0,115,185.2,46.7,43.0,27.5,13,0.24,0.27,0.51,16.31,149,264,233,226,,,,0.02,0.0,0.02,0.04,1.25,1.69,1.0,0.08,Defender,0.0,4.77,-0.51,"['Southampton', 'Home']","[2, 2, 5]",3.0,"['Southampton', ""Nott'm Forest"", 'Man City']","[2, 2, 5, 4, 2]",3.0,"['Southampton', ""Nott'm Forest"", 'Man City', 'Newcastle', 'Brighton']",52,532e1e4f,6221,399776,1,2024,6221,0.22,0,0.22,0.02,4,1,4.93,4.92
DEF,0.5,0.0,0,0.0,598,,,4.0,https://resources.premierleague.com/premierleague/photos/players/250x250/p515597.png,0.7,0.3,a,Aston Villa,7,2,0.0,0.5,Bogarde,213,0,0,0,5,0,0,0,1,0,0,0,6,31.8,17.8,2.0,5.1,3,0.00,0.11,0.11,2.13,362,328,380,382,,,,0.0,0.0,0.05,0.05,0.9,2.11,1.27,0.0,Defender,0.0,0.5,-0.11,"['Southampton', 'Home']","[2, 2, 5]",3.0,"['Southampton', ""Nott'm Forest"", 'Man City']","[2, 2, 5, 4, 2]",3.0,"['Southampton', ""Nott'm Forest"", 'Man City', 'Newcastle', 'Brighton']",598,bca5c4a7,10025,645686,1,2024,10025,0.0,0,0.0,0.15,0,1,1.71,1.56
DEF,0.2,-0.3,0,0.2,59,,,4.3,https://resources.premierleague.com/premierleague/photos/players/250x250/p232980.png,1.0,0.2,a,Bournemouth,91,1,0.0,0.2,Aarons,15,0,0,0,0,0,0,0,0,0,0,0,5,1.4,1.3,0.0,0.3,0,0.00,0.01,0.01,0.03,461,413,514,462,,,,0.0,0.0,0.06,0.06,0.18,0.0,0.0,0.0,Defender,0.0,0.23,-0.01,"['Ipswich', 'Away']","[2, 2, 3]",2.33,"['Ipswich', 'West Ham', 'Man Utd']","[2, 2, 3, 2, 3]",2.4,"['Ipswich', 'West Ham', 'Man Utd', 'Crystal Palace', 'Fulham']",59,774cf58b,7688,471690,1,2024,7688,0.0,0,0.0,0.0,0,0,0.96,0.96
DEF,4.2,3.7,8,4.2,70,,2024-11-21T08:30:08.632085Z,4.5,https://resources.premierleague.com/premierleague/photos/players/250x250/p544877.png,3.3,2.6,a,Bournemouth,91,46,0.9,10.2,Kerkez,1187,1,2,2,19,0,0,0,2,0,0,5,184,254.2,222.7,74.0,55.1,14,0.23,1.19,1.42,16.30,80,59,179,89,,,,0.02,0.0,0.09,0.11,1.24,1.44,1.06,0.15,Defender,3.0,10.22,1.58,"['Ipswich', 'Away']","[2, 2, 3]",2.33,"['Ipswich', 'West Ham', 'Man Utd']","[2, 2, 3, 2, 3]",2.4,"['Ipswich', 'West Ham', 'Man Utd', 'Crystal Palace', 'Fulham']",70,0ad53bdc,11709,730861,1,2024,11709,0.3,1,0.3,1.77,8,14,3.66,2.17
DEF,0.5,0.0,0,0.5,79,,,4.8,https://resources.premierleague.com/premierleague/photos/players/250x250/p221466.png,1.9,0.7,a,Bournemouth,91,21,0.1,4.4,Senesi,917,0,0,1,15,0,0,0,4,0,0,3,82,221.0,78.7,29.0,33.1,11,0.81,0.44,1.25,12.04,112,196,269,187,,,,0.08,0.0,0.04,0.12,1.18,1.47,1.08,0.1,Defender,0.0,4.38,-1.25,"['Ipswich', 'Away']","[2, 2, 3]",2.33,"['Ipswich', 'West Ham', 'Man Utd']","[2, 2, 3, 2, 3]",2.4,"['Ipswich', 'West Ham', 'Man Utd', 'Crystal Palace', 'Fulham']",79,35141f4c,10864,469781,1,2024,10864,0.61,0,0.61,0.24,1,5,3.31,3.13
DEF,2.0,1.5,6,2.0,81,,,4.5,https://resources.premierleague.com/premierleague/photos/players/250x250/p54469.png,1.9,0.2,a,Bournemouth,91,26,0.4,5.8,Smith,858,0,0,2,12,0,0,0,3,0,0,0,68,99.4,52.3,6.0,15.8,9,0.60,0.06,0.66,9.63,252,242,357,298,,,,0.06,0.0,0.01,0.07,1.01,1.26,0.94,0.21,Defender,0.0,5.78,-0.66,"['Ipswich', 'Away']","[2, 2, 3]",2.33,"['Ipswich', 'West Ham', 'Man Utd']","[2, 2, 3, 2, 3]",2.4,"['Ipswich', 'West Ham', 'Man Utd', 'Crystal Palace', 'Fulham']",81,20b104bc,825,61841,1,2024,825,0.27,0,0.27,0.15,1,3,3.26,2.85
DEF,1.8,1.3,6,1.8,85,,,4.4,https://resources.premierleague.com/premierleague/photos/players/250x250/p477580.png,2.1,0.3,a,Bournemouth,91,29,0.4,6.6,Zabarnyi,1260,0,0,2,19,0,0,0,2,0,0,0,136,215.2,47.7,14.0,27.9,14,0.30,0.14,0.44,16.62,118,258,318,224,,,,0.02,0.0,0.01,0.03,1.19,1.36,1.0,0.14,Defender,0.0,6.59,-0.44,"['Ipswich', 'Away']","[2, 2, 3]",2.33,"['Ipswich', 'West Ham', 'Man Utd']","[2, 2, 3, 2, 3]",2.4,"['Ipswich', 'West Ham', 'Man Utd', 'Crystal Palace', 'Fulham']",85,88968486,11486,659089,1,2024,11486,0.4,0,0.4,0.1,2,3,3.37,3.29
DEF,4.5,4.0,15,4.5,580,,,4.3,https://resources.premierleague.com/premierleague/photos/players/250x250/p554605.png,2.8,0.1,a,Bournemouth,91,22,1.0,5.1,Huijsen,340,1,0,1,4,0,0,0,1,0,0,3,75,131.0,54.4,61.0,24.7,3,0.83,0.33,1.16,5.21,211,238,205,243,,,,0.22,0.0,0.09,0.31,1.38,1.06,0.79,0.26,Defender,1.0,5.12,-0.16,"['Ipswich', 'Away']","[2, 2, 3]",2.33,"['Ipswich', 'West Ham', 'Man Utd']","[2, 2, 3, 2, 3]",2.4,"['Ipswich', 'West Ham', 'Man Utd', 'Crystal Palace', 'Fulham']",580,87278bce,11943,890290,1,2024,11943,0.61,1,0.61,0.16,4,5,2.02,1.81
DEF,0.0,0.0,0,0.2,592,Hamstring injury - Unknown return date,2024-11-21T11:30:08.788295Z,4.4,https://resources.premierleague.com/premierleague/photos/players/250x250/p436893.png,1.0,0.2,i,Bournemouth,91,8,0.0,1.8,J.Araujo,352,0,0,0,7,0,0,0,1,0,0,0,11,40.0,7.9,2.0,5.1,5,0.00,0.04,0.04,6.95,349,370,386,384,,,,0.0,0.0,0.01,0.01,1.78,1.79,1.28,0.0,Defender,0.0,1.82,-0.04,"['Ipswich', 'Away']","[2, 2, 3]",2.33,"['Ipswich', 'West Ham', 'Man Utd']","[2, 2, 3, 2, 3]",2.4,"['Ipswich', 'West Ham', 'Man Utd', 'Crystal Palace', 'Fulham']",592,8f4541c2,11745,513970,1,2024,11745,0.0,0,0.0,0.0,0,0,1.14,1.14
DEF,0.0,0.0,0,0.0,86,Foot injury - Expected back 15 Dec,2024-10-26T20:00:07.058865Z,4.4,https://resources.premierleague.com/premierleague/photos/players/250x250/p191866.png,0.9,0.2,i,Brentford,94,7,0.0,1.6,Ajer,637,0,0,0,12,0,0,0,3,0,0,0,23,71.8,40.6,47.0,15.9,8,0.28,0.10,0.38,11.94,295,273,226,297,,,,0.04,0.0,0.01,0.05,1.69,1.7,1.13,0.0,Defender,0.0,1.59,-0.38,"['Newcastle', 'Home']","[3, 4, 3]",3.33,"['Newcastle', 'Chelsea', ""Nott'm Forest""]","[3, 4, 3, 3, 5]",3.6,"['Newcastle', 'Chelsea', ""Nott'm Forest"", 'Brighton', 'Arsenal']",86,a8c0acb7,9677,328658,1,2024,9677,0.37,0,0.37,0.32,1,3,2.06,1.41
DEF,3.0,3.0,0,3.0,88,,,4.5,https://resources.premierleague.com/premierleague/photos/players/250x250/p432830.png,2.9,2.4,a,Brentford,94,40,0.7,8.9,Collins,1260,1,4,1,26,0,0,0,2,0,0,1,172,440.2,62.3,178.0,68.1,14,1.73,0.80,2.53,24.42,7,221,74,46,,,,0.12,0.0,0.06,0.18,1.74,1.86,1.0,0.07,Defender,5.0,8.89,2.47,"['Newcastle', 'Home']","[3, 4, 3]",3.33,"['Newcastle', 'Chelsea', ""Nott'm Forest""]","[3, 4, 3, 3, 5]",3.6,"['Newcastle', 'Chelsea', ""Nott'm Forest"", 'Brighton', 'Arsenal']",88,a8c19eb8,9733,469050,1,2024,9733,1.65,1,1.65,0.63,9,3,5.99,5.61
DEF,0.0,0.0,0,0.0,100,,,4.2,https://resources.premierleague.com/premierleague/photos/players/250x250/p51927.png,0.5,0.4,a,Brentford,94,1,0.0,0.2,Mee,4,0,0,0,2,0,0,0,0,0,0,0,1,8.0,0.1,0.0,0.8,0,0.00,0.00,0.0,0.46,427,440,494,447,,,,0.0,0.0,0.0,0.0,10.35,45.0,0.0,0.0,Defender,0.0,0.24,0.0,"['Newcastle', 'Home']","[3, 4, 3]",3.33,"['Newcastle', 'Chelsea', ""Nott'm Forest""]","[3, 4, 3, 3, 5]",3.6,"['Newcastle', 'Chelsea', ""Nott'm Forest"", 'Brighton', 'Arsenal']",100,8df7a2fb,1654,74810,1,2024,1654,0.0,0,0.0,0.0,0,0,0.0,0.0
DEF,2.2,2.2,0,2.2,104,,2024-11-21T08:30:08.718188Z,4.5,https://resources.premierleague.com/premierleague/photos/players/250x250/p231065.png,2.2,1.1,a,Brentford,94,31,0.5,6.9,Pinnock,1260,2,0,1,26,1,0,0,2,0,0,0,143,395.0,97.0,181.0,67.4,14,0.87,0.61,1.48,24.42,12,172,72,48,,,,0.06,0.0,0.04,0.1,1.74,1.86,1.0,0.07,Defender,2.0,6.89,0.52,"['Newcastle', 'Home']","[3, 4, 3]",3.33,"['Newcastle', 'Chelsea', ""Nott'm Forest""]","[3, 4, 3, 3, 5]",3.6,"['Newcastle', 'Chelsea', ""Nott'm Forest"", 'Brighton', 'Arsenal']",104,e541326e,9678,442248,1,2024,9678,0.81,2,0.81,1.51,9,8,6.7,5.8
DEF,0.5,0.5,1,0.5,105,,,4.3,https://resources.premierleague.com/premierleague/photos/players/250x250/p226956.png,1.3,0.1,a,Brentford,94,14,0.1,3.3,Roerslev,461,0,1,0,11,0,0,0,1,0,0,0,37,88.0,91.8,11.0,19.2,4,0.01,0.57,0.58,9.40,266,179,331,275,,,,0.0,0.0,0.11,0.11,1.84,2.15,0.78,0.0,Defender,1.0,3.26,0.42,"['Newcastle', 'Home']","[3, 4, 3]",3.33,"['Newcastle', 'Chelsea', ""Nott'm Forest""]","[3, 4, 3, 3, 5]",3.6,"['Newcastle', 'Chelsea', ""Nott'm Forest"", 'Brighton', 'Arsenal']",105,57c94db2,9685,391005,1,2024,9685,0.02,0,0.02,1.28,1,7,2.96,1.95
DEF,2.5,2.5,1,2.5,338,,,4.1,https://resources.premierleague.com/premierleague/photos/players/250x250/p444765.png,1.6,3.6,a,Brentford,94,19,0.6,4.6,Van den Berg,993,0,0,1,23,0,0,0,0,0,0,0,57,192.6,59.0,91.0,34.2,11,0.62,0.40,1.02,19.50,140,226,141,179,,,,0.06,0.0,0.04,0.1,1.77,2.08,1.0,0.09,Defender,0.0,4.63,-1.02,"['Newcastle', 'Home']","[3, 4, 3]",3.33,"['Newcastle', 'Chelsea', ""Nott'm Forest""]","[3, 4, 3, 3, 5]",3.6,"['Newcastle', 'Chelsea', ""Nott'm Forest"", 'Brighton', 'Arsenal']",338,7bf9400b,10721,541231,1,2024,10721,0.69,0,0.69,0.13,8,3,3.86,3.3
DEF,0.2,0.2,0,0.2,120,,2024-10-26T20:00:07.127533Z,4.4,https://resources.premierleague.com/premierleague/photos/players/250x250/p83299.png,2.3,4.0,a,Brighton,36,23,0.0,5.2,Dunk,813,0,0,3,13,0,0,0,3,0,0,0,111,147.6,63.9,24.0,23.5,9,0.35,0.32,0.67,14.10,189,218,282,249,,2.0,,0.04,0.0,0.04,0.08,1.56,1.44,1.0,0.33,Defender,0.0,5.23,-0.67,"['Leicester', 'Away']","[2, 2, 2]",2.0,"['Leicester', 'Crystal Palace', 'West Ham']","[2, 2, 2, 2, 4]",2.4,"['Leicester', 'Crystal Palace', 'West Ham', 'Brentford', 'Aston Villa']",120,282f75f3,6048,148153,1,2024,6048,0.42,0,0.42,0.37,4,3,4.13,4.11
DEF,2.2,2.2,1,2.2,122,,2024-08-15T14:30:05.811816Z,5.0,https://resources.premierleague.com/premierleague/photos/players/250x250/p204214.png,1.2,1.7,a,Brighton,36,13,0.4,2.6,Estupiñan,792,0,0,0,16,0,0,0,2,0,0,2,72,166.2,248.6,54.0,47.0,8,0.32,1.11,1.43,15.85,170,46,212,119,4.0,4.0,,0.04,0.0,0.13,0.17,1.8,1.82,0.91,0.0,Defender,0.0,2.6,-1.43,"['Leicester', 'Away']","[2, 2, 2]",2.0,"['Leicester', 'Crystal Palace', 'West Ham']","[2, 2, 2, 2, 4]",2.4,"['Leicester', 'Crystal Palace', 'West Ham', 'Brentford', 'Aston Villa']",122,d38fdf53,5136,349599,1,2024,5136,0.54,0,0.54,1.37,8,13,3.89,2.8
DEF,1.5,1.5,1,1.5,128,,,4.4,https://resources.premierleague.com/premierleague/photos/players/250x250/p223434.png,1.6,0.1,a,Brighton,36,14,0.3,3.2,Igor,744,0,0,1,12,0,0,0,3,0,0,0,94,156.6,37.3,4.0,19.9,7,0.05,0.22,0.27,12.13,183,282,369,267,,,,0.01,0.0,0.03,0.04,1.47,1.45,0.85,0.12,Defender,0.0,3.18,-0.27,"['Leicester', 'Away']","[2, 2, 2]",2.0,"['Leicester', 'Crystal Palace', 'West Ham']","[2, 2, 2, 2, 4]",2.4,"['Leicester', 'Crystal Palace', 'West Ham', 'Brentford', 'Aston Villa']",128,a4e85758,7943,380350,1,2024,7943,0.08,0,0.08,0.12,1,1,4.18,4.05
DEF,1.2,1.2,0,1.2,131,,2024-11-13T14:00:07.816484Z,4.4,https://resources.premierleague.com/premierleague/photos/players/250x250/p232792.png,2.7,0.2,a,Brighton,36,8,0.3,1.8,Lamptey,99,0,2,0,5,0,0,0,0,0,0,0,20,50.0,26.4,0.0,7.7,1,0.00,0.12,0.12,1.52,329,305,530,354,,,,0.0,0.0,0.11,0.11,1.38,4.55,0.91,0.0,Defender,2.0,1.82,1.88,"['Leicester', 'Away']","[2, 2, 2]",2.0,"['Leicester', 'Crystal Palace', 'West Ham']","[2, 2, 2, 2, 4]",2.4,"['Leicester', 'Crystal Palace', 'West Ham', 'Brentford', 'Aston Villa']",131,f4e433d4,8226,504148,1,2024,8226,0.0,0,0.0,0.4,0,2,0.48,0.37
DEF,1.2,1.2,1,1.2,144,,2024-09-29T22:30:06.452903Z,4.5,https://resources.premierleague.com/premierleague/photos/players/250x250/p469142.png,2.2,1.1,a,Brighton,36,27,0.3,6.0,Van Hecke,980,0,1,2,12,0,0,0,4,0,0,0,153,249.6,95.4,63.0,40.9,11,0.49,0.63,1.12,14.41,82,175,199,141,,,,0.04,0.0,0.06,0.1,1.32,1.1,1.01,0.18,Defender,1.0,6.0,-0.12,"['Leicester', 'Away']","[2, 2, 2]",2.0,"['Leicester', 'Crystal Palace', 'West Ham']","[2, 2, 2, 2, 4]",2.4,"['Leicester', 'Crystal Palace', 'West Ham', 'Brentford', 'Aston Villa']",144,4fd08daa,10807,576314,1,2024,10807,0.31,0,0.31,0.77,7,5,5.84,5.51
DEF,0.8,0.8,0,1.0,145,Knock - 75% chance of playing,2024-11-30T01:00:07.662889Z,4.6,https://resources.premierleague.com/premierleague/photos/players/250x250/p111478.png,3.1,3.4,d,Brighton,36,34,0.2,7.4,Veltman,956,0,0,3,12,0,0,0,1,0,0,5,152,156.8,70.3,18.0,24.6,11,0.07,1.07,1.14,14.82,180,206,309,244,,,,0.01,0.0,0.1,0.11,1.4,1.13,1.04,0.28,Defender,0.0,7.39,-1.14,"['Leicester', 'Away']","[2, 2, 2]",2.0,"['Leicester', 'Crystal Palace', 'West Ham']","[2, 2, 2, 2, 4]",2.4,"['Leicester', 'Crystal Palace', 'West Ham', 'Brentford', 'Aston Villa']",145,dad4b285,8780,111195,1,2024,8780,0.1,0,0.1,0.43,2,3,4.29,3.81
DEF,0.0,0.0,0,0.0,147,Hamstring injury - 25% chance of playing,2024-10-06T22:00:07.268394Z,4.3,https://resources.premierleague.com/premierleague/photos/players/250x250/p110735.png,0.3,0.1,d,Brighton,36,1,0.0,0.2,Webster,78,0,0,0,4,0,0,0,0,0,0,0,7,20.4,1.8,2.0,2.4,2,0.00,0.03,0.03,3.95,389,408,382,417,,,,0.0,0.0,0.03,0.03,4.56,4.62,2.31,0.0,Defender,0.0,0.23,-0.03,"['Leicester', 'Away']","[2, 2, 2]",2.0,"['Leicester', 'Crystal Palace', 'West Ham']","[2, 2, 2, 2, 4]",2.4,"['Leicester', 'Crystal Palace', 'West Ham', 'Brentford', 'Aston Villa']",147,c40b6180,7699,212847,1,2024,7699,0.0,0,0.0,0.0,0,0,0.54,0.54
DEF,0.8,1.8,0,0.8,153,,,4.3,https://resources.premierleague.com/premierleague/photos/players/250x250/p242880.png,1.3,0.1,a,Chelsea,8,4,0.2,0.9,B.Badiashile,157,0,0,0,1,0,0,0,0,0,0,0,25,33.6,7.1,0.0,4.1,1,0.00,0.05,0.05,1.73,359,375,515,398,,,,0.0,0.0,0.03,0.03,0.99,0.57,0.57,0.0,Defender,0.0,0.93,-0.05,"['Spurs', 'Away']","[4, 2, 2]",2.67,"['Spurs', 'Brentford', 'Everton']","[4, 2, 2, 2, 2]",2.4,"['Spurs', 'Brentford', 'Everton', 'Fulham', 'Ipswich']",153,06df8256,7240,463603,1,2024,7240,0.0,0,0.0,0.0,0,0,0.53,0.53
DEF,2.2,3.2,0,2.2,162,,2024-11-12T14:30:07.619476Z,4.5,https://resources.premierleague.com/premierleague/photos/players/250x250/p460028.png,2.5,4.1,a,Chelsea,8,32,0.5,7.1,Colwill,1170,0,0,3,14,0,0,0,3,0,0,1,154,236.6,54.5,46.0,33.8,13,0.19,0.82,1.01,16.55,94,237,228,184,,,,0.01,0.0,0.06,0.07,1.27,1.08,1.0,0.23,Defender,0.0,7.11,-1.01,"['Spurs', 'Away']","[4, 2, 2]",2.67,"['Spurs', 'Brentford', 'Everton']","[4, 2, 2, 2, 2]",2.4,"['Spurs', 'Brentford', 'Everton', 'Fulham', 'Ipswich']",162,700783e7,10805,614258,1,2024,10805,0.56,0,0.56,0.62,3,3,7.09,6.5
DEF,4.0,5.0,2,4.0,163,,2024-10-06T22:00:07.319833Z,5.1,https://resources.premierleague.com/premierleague/photos/players/250x250/p179268.png,2.5,6.0,a,Chelsea,8,33,0.8,6.5,Cucurella,995,0,1,3,11,0,0,0,6,0,0,2,159,158.2,87.5,34.0,28.0,11,0.04,1.13,1.17,13.36,179,183,254,223,,,,0.0,0.0,0.1,0.1,1.21,0.99,0.99,0.27,Defender,1.0,6.47,-0.17,"['Spurs', 'Away']","[4, 2, 2]",2.67,"['Spurs', 'Brentford', 'Everton']","[4, 2, 2, 2, 2]",2.4,"['Spurs', 'Brentford', 'Everton', 'Fulham', 'Ipswich']",163,1daec722,7134,284857,1,2024,7134,0.02,0,0.02,0.57,1,4,5.63,5.17
DEF,2.0,3.0,8,2.0,167,,,4.2,https://resources.premierleague.com/premierleague/photos/players/250x250/p220362.png,5.0,0.3,a,Chelsea,8,15,0.5,3.6,Disasi,184,1,0,1,1,0,0,0,0,0,0,0,54,61.6,4.3,33.0,9.9,2,0.25,0.02,0.27,3.46,311,386,255,334,,,,0.12,0.0,0.01,0.13,1.69,0.49,0.98,0.49,Defender,1.0,3.57,0.73,"['Spurs', 'Away']","[4, 2, 2]",2.67,"['Spurs', 'Brentford', 'Everton']","[4, 2, 2, 2, 2]",2.4,"['Spurs', 'Brentford', 'Everton', 'Fulham', 'Ipswich']",167,ad82197c,6885,386047,1,2024,6885,0.53,1,0.53,0.0,1,0,0.36,0.36
DEF,2.0,3.0,5,2.0,171,,2024-11-13T09:30:07.704412Z,4.9,https://resources.premierleague.com/premierleague/photos/players/250x250/p482609.png,1.5,1.6,a,Chelsea,8,17,0.4,3.5,Gusto,820,0,1,0,13,0,0,0,2,0,0,0,84,150.4,137.1,78.0,36.6,10,0.92,0.70,1.62,12.29,186,123,168,166,,,,0.1,0.0,0.08,0.18,1.35,1.43,1.1,0.0,Defender,1.0,3.47,-0.62,"['Spurs', 'Away']","[4, 2, 2]",2.67,"['Spurs', 'Brentford', 'Everton']","[4, 2, 2, 2, 2]",2.4,"['Spurs', 'Brentford', 'Everton', 'Fulham', 'Ipswich']",171,d56b9520,9017,620322,1,2024,9017,0.98,0,0.98,0.49,13,7,4.93,3.76
DEF,0.0,0.0,0,0.2,172,Hamstring injury - Unknown return date,2024-11-21T14:00:08.020459Z,4.9,https://resources.premierleague.com/premierleague/photos/players/250x250/p225796.png,1.2,0.2,i,Chelsea,8,5,0.0,1.0,James,240,0,0,0,4,0,0,0,0,0,0,0,32,38.2,23.2,0.0,6.2,3,0.00,0.22,0.22,5.78,352,314,646,372,2.0,2.0,,0.0,0.0,0.08,0.08,2.17,1.5,1.12,0.0,Defender,0.0,1.02,-0.22,"['Spurs', 'Away']","[4, 2, 2]",2.67,"['Spurs', 'Brentford', 'Everton']","[4, 2, 2, 2, 2]",2.4,"['Spurs', 'Brentford', 'Everton', 'Fulham', 'Ipswich']",172,1265a93a,8067,472423,1,2024,8067,0.0,0,0.0,0.0,0,0,0.46,0.46
DEF,0.5,1.5,2,0.5,187,,,4.2,https://resources.premierleague.com/premierleague/photos/players/250x250/p109646.png,1.8,0.1,a,Chelsea,8,9,0.1,2.1,Tosin,261,0,0,1,3,0,0,0,1,0,0,0,51,48.0,13.4,11.0,7.3,3,0.17,0.02,0.19,4.72,332,344,329,356,,,,0.06,0.0,0.01,0.07,1.63,1.03,1.03,0.34,Defender,0.0,2.14,-0.19,"['Spurs', 'Away']","[4, 2, 2]",2.67,"['Spurs', 'Brentford', 'Everton']","[4, 2, 2, 2, 2]",2.4,"['Spurs', 'Brentford', 'Everton', 'Fulham', 'Ipswich']",187,c81d773d,5590,258878,1,2024,5590,0.17,0,0.17,0.01,2,1,2.07,2.07
DEF,0.0,0.0,0,1.2,189,Hamstring injury - Expected back 04 Jan,2024-12-02T00:00:08.059563Z,4.5,https://resources.premierleague.com/premierleague/photos/players/250x250/p444463.png,1.6,0.4,i,Chelsea,8,19,0.3,4.2,W.Fofana,1015,0,0,1,12,0,0,0,6,0,0,2,133,187.2,70.0,29.0,28.7,12,0.40,0.15,0.55,13.99,146,207,268,217,,,,0.04,0.0,0.01,0.05,1.24,1.06,1.06,0.09,Defender,0.0,4.22,-0.55,"['Spurs', 'Away']","[4, 2, 2]",2.67,"['Spurs', 'Brentford', 'Everton']","[4, 2, 2, 2, 2]",2.4,"['Spurs', 'Brentford', 'Everton', 'Fulham', 'Ipswich']",189,132a82f1,7589,475411,1,2024,7589,0.18,0,0.18,0.51,2,5,4.75,4.24
DEF,1.2,2.2,6,2.2,159,,2024-09-13T15:30:06.602568Z,4.4,https://resources.premierleague.com/premierleague/photos/players/250x250/p180736.png,3.5,0.6,a,Crystal Palace,31,28,0.5,6.4,Chalobah,700,1,0,2,9,0,0,0,1,0,0,2,121,176.0,54.8,70.0,30.2,8,0.45,0.32,0.77,10.64,162,235,186,207,,,,0.06,0.0,0.04,0.1,1.37,1.16,1.03,0.26,Defender,1.0,6.36,0.23,"['Man City', 'Home']","[5, 3, 5]",4.33,"['Man City', 'Brighton', 'Arsenal']","[5, 3, 5, 3, 2]",3.6,"['Man City', 'Brighton', 'Arsenal', 'Bournemouth', 'Southampton']",159,5515376c,6615,346314,1,2024,6615,0.41,1,0.41,0.85,7,4,1.96,1.54
DEF,-0.5,0.5,1,0.5,194,,2024-09-27T15:30:06.509919Z,4.4,https://resources.premierleague.com/premierleague/photos/players/250x250/p427623.png,1.8,0.1,a,Crystal Palace,31,11,0.1,2.5,C.Richards,353,0,0,1,5,0,0,0,1,0,0,0,41,60.0,4.2,6.0,7.1,4,0.12,0.01,0.13,6.70,316,388,355,359,,,,0.03,0.0,0.0,0.03,1.71,1.27,1.02,0.25,Defender,0.0,2.5,-0.13,"['Man City', 'Home']","[5, 3, 5]",4.33,"['Man City', 'Brighton', 'Arsenal']","[5, 3, 5, 3, 2]",3.6,"['Man City', 'Brighton', 'Arsenal', 'Bournemouth', 'Southampton']",194,0a3d6d2b,8430,578539,1,2024,8430,0.14,0,0.14,0.0,1,0,0.87,0.87
DEF,0.0,0.0,0,0.0,195,Knee injury - Expected back 15 Dec,2024-08-28T16:30:04.488064Z,4.3,https://resources.premierleague.com/premierleague/photos/players/250x250/p515621.png,1.0,0.0,i,Crystal Palace,31,1,0.0,0.2,Chadi Riad,90,0,0,0,2,0,0,0,0,0,0,0,3,18.2,1.3,0.0,2.0,1,0.00,0.02,0.02,1.39,394,414,520,426,,,,0.0,0.0,0.02,0.02,1.39,2.0,1.0,0.0,Defender,0.0,0.23,-0.02,"['Man City', 'Home']","[5, 3, 5]",4.33,"['Man City', 'Brighton', 'Arsenal']","[5, 3, 5, 3, 2]",3.6,"['Man City', 'Brighton', 'Arsenal', 'Bournemouth', 'Southampton']",195,b3b9b8b8,11167,689637,1,2024,11167,0.0,0,0.0,0.0,0,0,0.4,0.4
DEF,-0.2,0.8,0,0.8,196,,,4.4,https://resources.premierleague.com/premierleague/photos/players/250x250/p57328.png,2.2,0.1,a,Crystal Palace,31,13,0.2,3.0,Clyne,294,0,0,1,4,0,0,0,0,0,0,0,44,41.8,6.7,3.0,5.1,3,0.01,0.02,0.03,5.99,344,379,374,383,,,,0.0,0.0,0.01,0.01,1.83,1.22,0.92,0.31,Defender,0.0,2.95,-0.03,"['Man City', 'Home']","[5, 3, 5]",4.33,"['Man City', 'Brighton', 'Arsenal']","[5, 3, 5, 3, 2]",3.6,"['Man City', 'Brighton', 'Arsenal', 'Bournemouth', 'Southampton']",196,0442183b,603,85177,1,2024,603,0.01,0,0.01,0.0,1,0,1.14,1.14
DEF,1.8,2.8,6,2.8,200,,,4.5,https://resources.premierleague.com/premierleague/photos/players/250x250/p209036.png,3.4,7.6,a,Crystal Palace,31,47,0.6,10.4,Guéhi,1260,2,1,3,18,1,0,0,2,0,0,3,210,415.6,94.6,124.0,63.4,14,1.25,0.37,1.62,19.81,10,177,116,67,,,,0.09,0.0,0.03,0.12,1.42,1.29,1.0,0.21,Defender,3.0,10.44,1.38,"['Man City', 'Home']","[5, 3, 5]",4.33,"['Man City', 'Brighton', 'Arsenal']","[5, 3, 5, 3, 2]",3.6,"['Man City', 'Brighton', 'Arsenal', 'Bournemouth', 'Southampton']",200,d0706b27,7603,392757,1,2024,7603,1.74,2,1.74,0.69,9,7,3.8,3.54
DEF,1.0,2.0,6,2.0,210,,,4.9,https://resources.premierleague.com/premierleague/photos/players/250x250/p244723.png,2.4,1.5,a,Crystal Palace,31,33,0.4,6.7,Mitchell,1210,0,1,3,18,0,0,0,2,0,0,0,158,217.8,214.8,65.0,50.0,14,0.34,1.26,1.6,19.22,113,62,193,106,,,,0.03,0.0,0.09,0.12,1.43,1.34,1.04,0.22,Defender,1.0,6.73,-0.6,"['Man City', 'Home']","[5, 3, 5]",4.33,"['Man City', 'Brighton', 'Arsenal']","[5, 3, 5, 3, 2]",3.6,"['Man City', 'Brighton', 'Arsenal', 'Bournemouth', 'Southampton']",210,5cbd1eb0,8214,730893,1,2024,8214,0.3,0,0.3,2.38,5,14,6.01,4.19
DEF,3.8,4.8,6,4.8,211,,2024-10-05T18:00:07.079825Z,4.7,https://resources.premierleague.com/premierleague/photos/players/250x250/p247348.png,3.1,1.9,a,Crystal Palace,31,43,1.0,9.1,Muñoz,1174,1,2,3,18,0,0,0,4,0,0,3,150,268.6,197.1,197.0,66.3,14,2.39,0.68,3.07,18.65,65,69,61,56,,,,0.18,0.0,0.05,0.23,1.43,1.38,1.07,0.23,Defender,3.0,9.15,-0.07,"['Man City', 'Home']","[5, 3, 5]",4.33,"['Man City', 'Brighton', 'Arsenal']","[5, 3, 5, 3, 2]",3.6,"['Man City', 'Brighton', 'Arsenal', 'Bournemouth', 'Southampton']",211,778ef829,12408,493003,1,2024,12408,2.78,1,2.78,1.43,15,14,6.3,3.36
DEF,1.8,2.8,8,2.8,650,,,4.5,https://resources.premierleague.com/premierleague/photos/players/250x250/p437499.png,2.8,0.2,a,Crystal Palace,31,31,0.6,6.9,Lacroix,990,0,1,3,13,0,0,0,3,0,0,2,134,198.8,40.7,45.0,28.5,11,0.74,0.41,1.15,14.56,132,271,229,220,,,,0.07,0.0,0.04,0.11,1.32,1.18,1.0,0.27,Defender,1.0,6.89,-0.15,"['Man City', 'Home']","[5, 3, 5]",4.33,"['Man City', 'Brighton', 'Arsenal']","[5, 3, 5, 3, 2]",3.6,"['Man City', 'Brighton', 'Arsenal', 'Bournemouth', 'Southampton']",650,277c49ed,8853,434224,1,2024,8853,0.43,0,0.43,0.62,9,3,2.36,2.25
DEF,-0.8,0.2,0,0.2,666,,,4.0,https://resources.premierleague.com/premierleague/photos/players/250x250/p590012.png,1.0,0.0,a,Crystal Palace,31,1,0.0,0.2,Kporha,1,0,0,0,0,0,0,0,0,0,0,0,4,2.0,4.1,0.0,0.6,0,0.00,0.02,0.02,0.00,455,389,485,449,,,,0.0,0.0,1.8,1.8,0.0,0.0,0.0,0.0,Defender,0.0,0.25,-0.02,"['Man City', 'Home']","[5, 3, 5]",4.33,"['Man City', 'Brighton', 'Arsenal']","[5, 3, 5, 3, 2]",3.6,"['Man City', 'Brighton', 'Arsenal', 'Bournemouth', 'Southampton']",666,c80f8c9d,13130,1047261,1,2024,13130,0.0,0,0.0,0.0,0,0,0.01,0.01
DEF,3.8,4.8,7,4.8,219,,2024-11-14T10:00:08.223634Z,4.8,https://resources.premierleague.com/premierleague/photos/players/250x250/p480455.png,3.3,0.9,a,Everton,11,23,1.0,4.8,Branthwaite,456,0,0,3,5,0,0,0,0,0,0,1,102,86.6,6.6,6.0,9.9,5,0.03,0.05,0.08,4.40,267,381,360,335,,,,0.01,0.0,0.01,0.02,0.87,0.99,0.99,0.59,Defender,0.0,4.79,-0.08,"['Liverpool', 'Home']","[5, 5, 4]",4.67,"['Liverpool', 'Arsenal', 'Chelsea']","[5, 5, 4, 5, 3]",4.4,"['Liverpool', 'Arsenal', 'Chelsea', 'Man City', ""Nott'm Forest""]",219,c1949191,8476,661053,1,2024,8476,0.04,0,0.04,0.0,1,0,0.84,0.84
DEF,-1.0,0.0,0,0.0,221,,2024-11-07T23:00:07.780654Z,4.3,https://resources.premierleague.com/premierleague/photos/players/250x250/p59949.png,1.0,0.0,a,Everton,11,1,0.0,0.2,Coleman,90,0,0,0,3,0,0,0,0,0,0,0,-1,16.6,1.1,21.0,3.9,1,0.62,0.01,0.63,2.22,399,416,291,399,,,,0.62,0.0,0.01,0.63,2.22,3.0,1.0,0.0,Defender,0.0,0.23,-0.63,"['Liverpool', 'Home']","[5, 5, 4]",4.67,"['Liverpool', 'Arsenal', 'Chelsea']","[5, 5, 4, 5, 3]",4.4,"['Liverpool', 'Arsenal', 'Chelsea', 'Man City', ""Nott'm Forest""]",221,0420d84f,585,68390,1,2024,585,0.48,0,0.48,0.0,1,0,1.14,0.66
DEF,0.0,0.0,0,0.0,225,Loaned to West Bromwich Albion,2024-08-31T08:24:25.909228Z,4.0,https://resources.premierleague.com/premierleague/photos/players/250x250/p194164.png,1.0,0.2,u,Everton,11,1,0.0,0.2,Holgate,5,0,0,0,1,0,0,0,0,0,0,0,-1,0.0,0.0,0.0,0.0,0,0.00,0.00,0.0,0.07,487,465,426,489,,,,0.0,0.0,0.0,0.0,1.26,18.0,0.0,0.0,Defender,0.0,0.25,0.0,"['Liverpool', 'Home']","[5, 5, 4]",4.67,"['Liverpool', 'Arsenal', 'Chelsea']","[5, 5, 4, 5, 3]",4.4,"['Liverpool', 'Arsenal', 'Chelsea', 'Man City', ""Nott'm Forest""]",225,d0042ab9,985,348623,1,2024,985,0.0,0,0.0,0.0,0,0,0.0,0.0
DEF,-1.0,0.0,0,0.0,228,,2024-09-19T14:30:05.611115Z,4.2,https://resources.premierleague.com/premierleague/photos/players/250x250/p106611.png,3.6,8.4,a,Everton,11,32,0.0,7.6,Keane,810,2,0,2,16,0,0,0,4,0,0,3,89,221.6,22.9,84.0,33.0,9,0.43,0.02,0.45,14.16,111,315,155,188,,,,0.05,0.0,0.0,0.05,1.57,1.78,1.0,0.22,Defender,2.0,7.62,1.55,"['Liverpool', 'Home']","[5, 5, 4]",4.67,"['Liverpool', 'Arsenal', 'Chelsea']","[5, 5, 4, 5, 3]",4.4,"['Liverpool', 'Arsenal', 'Chelsea', 'Man City', ""Nott'm Forest""]",228,c5b7c315,1653,118534,1,2024,1653,0.79,2,0.79,0.12,8,1,1.16,1.13
DEF,4.5,5.5,11,5.5,231,,2024-10-07T00:30:07.641913Z,4.3,https://resources.premierleague.com/premierleague/photos/players/250x250/p224967.png,3.2,4.2,a,Everton,11,38,1.3,8.8,Mykolenko,1015,0,1,4,17,0,0,0,1,0,0,3,129,144.6,128.6,44.0,31.9,12,0.28,0.42,0.7,14.09,195,132,230,196,,,,0.02,0.0,0.04,0.06,1.25,1.51,1.06,0.35,Defender,1.0,8.84,0.3,"['Liverpool', 'Home']","[5, 5, 4]",4.67,"['Liverpool', 'Arsenal', 'Chelsea']","[5, 5, 4, 5, 3]",4.4,"['Liverpool', 'Arsenal', 'Chelsea', 'Man City', ""Nott'm Forest""]",231,30d4a2e5,10291,404842,1,2024,10291,0.39,0,0.39,0.51,8,8,3.1,2.36
DEF,-0.8,0.2,0,0.2,234,,2024-08-12T14:30:04.567805Z,4.4,https://resources.premierleague.com/premierleague/photos/players/250x250/p243571.png,1.0,0.0,a,Everton,11,1,0.0,0.2,Patterson,17,0,0,0,0,0,0,0,0,0,0,0,8,6.4,14.7,2.0,2.3,0,0.00,0.11,0.11,0.16,431,340,385,418,,,,0.0,0.0,0.58,0.58,0.85,0.0,0.0,0.0,Defender,0.0,0.23,-0.11,"['Liverpool', 'Home']","[5, 5, 4]",4.67,"['Liverpool', 'Arsenal', 'Chelsea']","[5, 5, 4, 5, 3]",4.4,"['Liverpool', 'Arsenal', 'Chelsea', 'Man City', ""Nott'm Forest""]",234,230f0471,10292,424015,1,2024,10292,0.0,0,0.0,0.3,0,1,0.3,0.3
DEF,4.2,5.2,6,5.2,236,,2024-09-18T22:30:07.010253Z,4.8,https://resources.premierleague.com/premierleague/photos/players/250x250/p17761.png,3.1,1.7,a,Everton,11,43,1.1,9.0,Tarkowski,1251,0,0,5,21,0,0,0,3,0,0,5,170,336.6,100.8,118.0,55.8,14,0.74,1.05,1.79,18.55,28,166,118,87,,,,0.05,0.0,0.08,0.13,1.33,1.51,1.01,0.36,Defender,0.0,8.96,-1.79,"['Liverpool', 'Home']","[5, 5, 4]",4.67,"['Liverpool', 'Arsenal', 'Chelsea']","[5, 5, 4, 5, 3]",4.4,"['Liverpool', 'Arsenal', 'Chelsea', 'Man City', ""Nott'm Forest""]",236,15ea812b,1665,173504,1,2024,1665,0.74,0,0.74,1.17,9,9,2.19,2.07
DEF,6.0,7.0,15,7.0,238,,2024-08-17T20:00:05.873666Z,4.6,https://resources.premierleague.com/premierleague/photos/players/250x250/p18892.png,4.8,2.0,a,Everton,11,57,1.5,12.4,Young,1037,1,3,5,14,0,0,0,3,1,0,8,198,287.6,226.6,24.0,53.9,12,0.18,1.31,1.49,13.70,51,54,284,94,,1.0,,0.02,0.0,0.11,0.13,1.19,1.22,1.04,0.43,Defender,4.0,12.39,2.51,"['Liverpool', 'Home']","[5, 5, 4]",4.67,"['Liverpool', 'Arsenal', 'Chelsea']","[5, 5, 4, 5, 3]",4.4,"['Liverpool', 'Arsenal', 'Chelsea', 'Man City', ""Nott'm Forest""]",238,be927d03,631,14086,1,2024,631,0.15,1,0.15,1.51,4,16,2.75,1.92
DEF,-0.8,0.2,0,0.2,582,,,4.6,https://resources.premierleague.com/premierleague/photos/players/250x250/p512462.png,0.5,0.2,a,Everton,11,1,0.0,0.2,O'Brien,34,0,0,0,1,0,0,0,1,0,0,0,1,5.0,0.5,0.0,0.5,0,0.00,0.00,0.0,0.82,440,425,628,456,,,,0.0,0.0,0.0,0.0,2.17,2.65,0.0,0.0,Defender,0.0,0.22,0.0,"['Liverpool', 'Home']","[5, 5, 4]",4.67,"['Liverpool', 'Arsenal', 'Chelsea']","[5, 5, 4, 5, 3]",4.4,"['Liverpool', 'Arsenal', 'Chelsea', 'Man City', ""Nott'm Forest""]",582,25f2ef01,12014,711544,1,2024,12014,0.0,0,0.0,0.0,0,0,0.1,0.1
DEF,-1.0,0.0,0,0.0,627,,,4.0,https://resources.premierleague.com/premierleague/photos/players/250x250/p496178.png,0.0,0.1,a,Everton,11,0,0.0,0.0,Dixon,90,0,0,0,4,0,0,0,0,0,0,0,0,15.4,0.3,0.0,1.6,1,0.00,0.00,0.0,2.43,402,432,459,434,,,,0.0,0.0,0.0,0.0,2.43,4.0,1.0,0.0,Defender,0.0,0.0,0.0,"['Liverpool', 'Home']","[5, 5, 4]",4.67,"['Liverpool', 'Arsenal', 'Chelsea']","[5, 5, 4, 5, 3]",4.4,"['Liverpool', 'Arsenal', 'Chelsea', 'Man City', ""Nott'm Forest""]",627,82e2cc75,12946,856479,1,2024,12946,0.0,0,0.0,0.0,0,0,0.09,0.09
DEF,0.0,0.0,0,1.8,191,Calf injury - Unknown return date,2024-11-23T23:00:08.082582Z,4.3,https://resources.premierleague.com/premierleague/photos/players/250x250/p174874.png,2.2,5.2,i,Fulham,54,20,0.4,4.7,Andersen,783,0,0,2,15,0,0,0,1,1,0,3,95,184.0,26.2,58.0,26.9,9,0.25,0.13,0.38,10.57,151,306,207,230,,,,0.03,0.0,0.01,0.04,1.21,1.72,1.03,0.23,Defender,0.0,4.65,-0.38,"['Arsenal', 'Home']","[5, 5, 2]",4.0,"['Arsenal', 'Liverpool', 'Southampton']","[5, 5, 2, 4, 2]",3.6,"['Arsenal', 'Liverpool', 'Southampton', 'Chelsea', 'Bournemouth']",191,e34fc66d,6314,260827,1,2024,6314,0.25,0,0.25,0.11,9,1,3.58,3.55
DEF,1.2,2.2,2,2.2,241,,,4.5,https://resources.premierleague.com/premierleague/photos/players/250x250/p232892.png,2.0,0.4,a,Fulham,54,28,0.5,6.2,Bassey,1260,0,0,2,19,0,0,0,4,0,0,0,143,224.0,29.9,34.0,28.8,14,0.28,0.12,0.4,16.05,109,296,252,215,,,,0.02,0.0,0.01,0.03,1.15,1.36,1.0,0.14,Defender,0.0,6.22,-0.4,"['Arsenal', 'Home']","[5, 5, 2]",4.0,"['Arsenal', 'Liverpool', 'Southampton']","[5, 5, 2, 4, 2]",3.6,"['Arsenal', 'Liverpool', 'Southampton', 'Chelsea', 'Bournemouth']",241,a36524bf,11728,461883,1,2024,11728,0.34,0,0.34,0.04,7,1,4.5,4.42
DEF,-0.2,0.8,2,0.8,244,,2024-10-18T17:30:07.030897Z,4.2,https://resources.premierleague.com/premierleague/photos/players/250x250/p166477.png,1.0,0.7,a,Fulham,54,5,0.2,1.2,Castagne,143,0,0,0,4,0,0,0,0,0,0,0,14,39.0,3.7,23.0,6.7,1,0.06,0.02,0.08,2.41,350,393,287,363,,,,0.04,0.0,0.01,0.05,1.52,2.52,0.63,0.0,Defender,0.0,1.19,-0.08,"['Arsenal', 'Home']","[5, 5, 2]",4.0,"['Arsenal', 'Liverpool', 'Southampton']","[5, 5, 2, 4, 2]",3.6,"['Arsenal', 'Liverpool', 'Southampton', 'Chelsea', 'Bournemouth']",244,197640fd,6157,262226,1,2024,6157,0.08,0,0.08,0.0,2,0,0.45,0.43
DEF,0.0,1.0,2,1.0,245,,,4.4,https://resources.premierleague.com/premierleague/photos/players/250x250/p219924.png,1.3,0.2,a,Fulham,54,12,0.2,2.7,Diop,570,0,0,0,7,1,0,0,1,0,0,0,55,120.4,24.0,73.0,21.5,6,0.51,0.02,0.53,6.76,222,311,182,258,,,,0.08,0.0,0.0,0.08,1.07,1.11,0.95,0.0,Defender,0.0,2.73,-0.53,"['Arsenal', 'Home']","[5, 5, 2]",4.0,"['Arsenal', 'Liverpool', 'Southampton']","[5, 5, 2, 4, 2]",3.6,"['Arsenal', 'Liverpool', 'Southampton', 'Chelsea', 'Bournemouth']",245,a712ca2b,3203,272622,1,2024,3203,0.49,0,0.49,0.12,5,2,2.47,2.41
DEF,2.5,3.5,6,3.5,255,,,4.7,https://resources.premierleague.com/premierleague/photos/players/250x250/p169528.png,3.4,15.7,a,Fulham,54,48,0.7,10.2,Robinson,1260,0,4,2,19,0,0,0,1,0,0,5,211,353.2,241.3,77.0,67.4,14,0.29,1.58,1.87,16.05,20,51,173,49,,,,0.02,0.0,0.11,0.13,1.15,1.36,1.0,0.14,Defender,4.0,10.21,2.13,"['Arsenal', 'Home']","[5, 5, 2]",4.0,"['Arsenal', 'Liverpool', 'Southampton']","[5, 5, 2, 4, 2]",3.6,"['Arsenal', 'Liverpool', 'Southampton', 'Chelsea', 'Bournemouth']",255,289601e6,8940,349701,1,2024,8940,0.26,0,0.26,1.63,9,13,7.84,7.3
DEF,1.8,2.8,0,2.8,257,,,4.5,https://resources.premierleague.com/premierleague/photos/players/250x250/p167074.png,2.4,0.4,a,Fulham,54,31,0.6,6.9,Tete,1118,0,1,2,15,0,0,0,3,0,0,0,136,224.6,106.5,115.0,44.6,13,1.02,0.33,1.35,13.66,108,159,120,130,,,,0.08,0.0,0.03,0.11,1.1,1.21,1.05,0.16,Defender,1.0,6.89,-0.35,"['Arsenal', 'Home']","[5, 5, 2]",4.0,"['Arsenal', 'Liverpool', 'Southampton']","[5, 5, 2, 4, 2]",3.6,"['Arsenal', 'Liverpool', 'Southampton', 'Chelsea', 'Bournemouth']",257,77d7c96f,5973,206746,1,2024,5973,1.29,0,1.29,0.46,19,4,4.93,4.37
DEF,-0.8,0.2,0,0.2,579,,2024-11-29T14:30:06.735790Z,4.2,https://resources.premierleague.com/premierleague/photos/players/250x250/p184349.png,1.0,0.1,a,Fulham,54,1,0.0,0.2,Sessegnon,4,0,0,0,0,0,0,0,0,0,0,0,2,2.0,0.0,0.0,0.2,0,0.00,0.00,0.0,0.02,456,530,497,467,,,,0.0,0.0,0.0,0.0,0.45,0.0,0.0,0.0,Defender,0.0,0.24,0.0,"['Arsenal', 'Home']","[5, 5, 2]",4.0,"['Arsenal', 'Liverpool', 'Southampton']","[5, 5, 2, 4, 2]",3.6,"['Arsenal', 'Liverpool', 'Southampton', 'Chelsea', 'Bournemouth']",579,6aa3e78b,6837,392775,1,2024,6837,0.0,0,0.0,0.0,0,0,0.0,0.0
DEF,-0.8,0.1,1,0.2,586,,2024-11-29T14:30:06.749491Z,4.4,https://resources.premierleague.com/premierleague/photos/players/250x250/p246301.png,1.0,0.0,a,Fulham,54,2,0.0,0.5,J.Cuenca,2,0,0,0,1,0,0,0,0,0,0,0,4,4.2,0.0,0.0,0.4,0,0.00,0.00,0.0,0.43,443,557,533,458,,,,0.0,0.0,0.0,0.0,19.35,45.0,0.0,0.0,Defender,0.0,0.45,0.0,"['Arsenal', 'Home']","[5, 5, 2]",4.0,"['Arsenal', 'Liverpool', 'Southampton']","[5, 5, 2, 4, 2]",3.6,"['Arsenal', 'Liverpool', 'Southampton', 'Chelsea', 'Bournemouth']",586,0abc51f2,8489,494880,1,2024,8489,0.0,0,0.0,0.0,0,0,0.0,0.0
DEF,1.5,1.5,0,1.5,263,,,4.0,https://resources.premierleague.com/premierleague/photos/players/250x250/p122411.png,1.5,2.4,a,Ipswich,40,9,0.4,2.2,Burgess,540,0,0,0,10,0,0,0,0,0,0,0,45,110.2,19.4,61.0,19.2,6,0.52,0.09,0.61,11.70,236,323,204,274,,,,0.09,0.0,0.02,0.11,1.95,1.67,1.0,0.0,Defender,0.0,2.25,-0.61,"['Bournemouth', 'Home']","[2, 2, 3]",2.33,"['Bournemouth', 'Wolves', 'Newcastle']","[2, 2, 3, 5, 4]",3.2,"['Bournemouth', 'Wolves', 'Newcastle', 'Arsenal', 'Chelsea']",263,da61ca98,12755,255788,1,2024,12755,0.35,0,0.35,0.04,7,1,1.65,1.6
DEF,1.8,1.8,2,1.8,267,,,4.5,https://resources.premierleague.com/premierleague/photos/players/250x250/p455084.png,2.7,2.7,a,Ipswich,40,38,0.4,8.4,Davis,1260,1,2,1,25,0,0,0,2,0,0,5,155,267.2,480.1,77.0,82.5,14,0.59,3.06,3.65,29.04,66,6,172,33,1.0,4.0,,0.04,0.0,0.22,0.26,2.07,1.79,1.0,0.07,Defender,3.0,8.44,-0.65,"['Bournemouth', 'Home']","[2, 2, 3]",2.33,"['Bournemouth', 'Wolves', 'Newcastle']","[2, 2, 3, 5, 4]",3.2,"['Bournemouth', 'Wolves', 'Newcastle', 'Arsenal', 'Chelsea']",267,8574c61f,8919,596446,1,2024,8919,0.43,1,0.43,4.36,9,34,3.39,1.29
DEF,0.0,0.0,0,0.0,269,Loaned to Middlesbrough,2024-08-31T08:22:49.668219Z,4.0,https://resources.premierleague.com/premierleague/photos/players/250x250/p214964.png,1.0,0.1,u,Ipswich,40,1,0.0,0.2,Edmundson,1,0,0,0,0,0,0,0,0,0,0,0,3,0.0,0.0,0.0,0.0,0,0.00,0.00,0.0,0.00,495,473,434,497,,,,0.0,0.0,0.0,0.0,0.0,0.0,0.0,0.0,Defender,0.0,0.25,0.0,"['Bournemouth', 'Home']","[2, 2, 3]",2.33,"['Bournemouth', 'Wolves', 'Newcastle']","[2, 2, 3, 5, 4]",3.2,"['Bournemouth', 'Wolves', 'Newcastle', 'Arsenal', 'Chelsea']",269,46ff3923,12947,385848,1,2024,12947,0.0,0,0.0,0.0,0,0,0.0,0.0
DEF,0.2,0.2,1,0.2,270,,2024-11-22T17:30:09.014564Z,4.0,https://resources.premierleague.com/premierleague/photos/players/250x250/p449429.png,1.5,3.8,a,Ipswich,40,12,0.0,3.0,Greaves,720,0,0,1,15,0,0,0,2,0,0,0,58,179.8,5.9,63.0,24.9,8,0.43,0.02,0.45,17.34,155,383,198,242,,,,0.05,0.0,0.0,0.05,2.17,1.88,1.0,0.12,Defender,0.0,3.0,-0.45,"['Bournemouth', 'Home']","[2, 2, 3]",2.33,"['Bournemouth', 'Wolves', 'Newcastle']","[2, 2, 3, 5, 4]",3.2,"['Bournemouth', 'Wolves', 'Newcastle', 'Arsenal', 'Chelsea']",270,1f169636,12745,693095,1,2024,12745,0.79,0,0.79,0.0,6,0,1.58,1.58
DEF,0.2,0.2,0,0.2,275,,2024-11-25T09:30:07.489482Z,4.0,https://resources.premierleague.com/premierleague/photos/players/250x250/p222018.png,1.2,1.8,a,Ipswich,40,7,0.0,1.8,Johnson,401,0,1,0,12,0,0,0,1,0,0,0,14,96.8,44.6,9.0,15.1,4,0.04,0.24,0.28,12.80,259,268,339,302,,,,0.01,0.0,0.05,0.06,2.87,2.69,0.9,0.0,Defender,1.0,1.75,0.72,"['Bournemouth', 'Home']","[2, 2, 3]",2.33,"['Bournemouth', 'Wolves', 'Newcastle']","[2, 2, 3, 5, 4]",3.2,"['Bournemouth', 'Wolves', 'Newcastle', 'Arsenal', 'Chelsea']",275,9319781b,6424,468002,1,2024,6424,0.03,0,0.03,0.52,1,2,0.7,0.18
DEF,0.0,0.0,0,1.0,282,Hamstring injury - Unknown return date,2024-11-30T22:00:07.627808Z,4.0,https://resources.premierleague.com/premierleague/photos/players/250x250/p180804.png,1.7,2.2,i,Ipswich,40,15,0.2,3.8,Tuanzebe,770,0,0,1,13,0,0,0,3,0,0,0,54,122.2,48.3,19.0,18.9,9,0.18,0.05,0.23,15.48,221,257,301,277,,,,0.02,0.0,0.01,0.03,1.81,1.52,1.05,0.12,Defender,0.0,3.75,-0.23,"['Bournemouth', 'Home']","[2, 2, 3]",2.33,"['Bournemouth', 'Wolves', 'Newcastle']","[2, 2, 3, 5, 4]",3.2,"['Bournemouth', 'Wolves', 'Newcastle', 'Arsenal', 'Chelsea']",282,2baec6ce,934,342046,1,2024,934,0.34,0,0.34,0.57,3,3,2.14,1.62
DEF,0.0,0.0,0,0.0,284,,,4.0,https://resources.premierleague.com/premierleague/photos/players/250x250/p220583.png,0.8,1.6,a,Ipswich,40,4,0.0,1.0,Woolfenden,377,0,0,0,10,0,0,0,1,0,0,0,23,72.2,2.8,6.0,8.2,4,0.03,0.01,0.04,9.44,293,399,352,346,,,,0.01,0.0,0.0,0.01,2.25,2.39,0.95,0.0,Defender,0.0,1.0,-0.04,"['Bournemouth', 'Home']","[2, 2, 3]",2.33,"['Bournemouth', 'Wolves', 'Newcastle']","[2, 2, 3, 5, 4]",3.2,"['Bournemouth', 'Wolves', 'Newcastle', 'Arsenal', 'Chelsea']",284,e28e9bec,12746,527425,1,2024,12746,0.06,0,0.06,0.0,1,0,0.2,0.2
DEF,0.0,0.0,0,0.0,583,,,4.0,https://resources.premierleague.com/premierleague/photos/players/250x250/p108053.png,1.0,0.4,a,Ipswich,40,1,0.0,0.2,Townsend,1,0,0,0,1,0,0,0,0,0,0,0,2,4.0,10.0,0.0,1.4,0,0.00,0.00,0.0,0.23,444,361,418,439,,,,0.0,0.0,0.0,0.0,20.7,90.0,0.0,0.0,Defender,0.0,0.25,0.0,"['Bournemouth', 'Home']","[2, 2, 3]",2.33,"['Bournemouth', 'Wolves', 'Newcastle']","[2, 2, 3, 5, 4]",3.2,"['Bournemouth', 'Wolves', 'Newcastle', 'Arsenal', 'Chelsea']",583,4dc4f138,8905,146509,1,2024,8905,0.0,0,0.0,0.03,0,1,0.03,0.0
DEF,1.5,1.5,1,1.5,630,,2024-10-18T17:30:07.558521Z,4.0,https://resources.premierleague.com/premierleague/photos/players/250x250/p216616.png,1.6,1.5,a,Ipswich,40,18,0.4,4.5,O'Shea,962,0,0,1,18,0,0,0,3,0,0,1,93,278.8,8.5,85.0,37.3,11,0.60,0.08,0.68,21.53,57,368,153,160,,,,0.06,0.0,0.01,0.07,2.01,1.68,1.03,0.09,Defender,0.0,4.5,-0.68,"['Bournemouth', 'Home']","[2, 2, 3]",2.33,"['Bournemouth', 'Wolves', 'Newcastle']","[2, 2, 3, 5, 4]",3.2,"['Bournemouth', 'Wolves', 'Newcastle', 'Arsenal', 'Chelsea']",630,1d042188,8756,401320,1,2024,8756,0.73,0,0.73,0.0,10,0,1.77,1.76
DEF,0.5,0.5,2,0.5,288,,2024-08-12T14:30:04.626270Z,4.0,https://resources.premierleague.com/premierleague/photos/players/250x250/p94147.png,0.7,0.3,a,Leicester,13,2,0.1,0.5,Coady,187,0,0,0,6,0,0,0,1,0,0,0,10,55.4,1.1,0.0,5.6,2,0.00,0.01,0.01,6.49,319,415,416,378,,,,0.0,0.0,0.0,0.0,3.12,2.89,0.96,0.0,Defender,0.0,0.5,-0.01,"['Brighton', 'Home']","[2, 4, 2]",2.67,"['Brighton', 'Newcastle', 'Wolves']","[2, 4, 2, 5, 5]",3.6,"['Brighton', 'Newcastle', 'Wolves', 'Liverpool', 'Man City']",288,2928dca2,6851,128901,1,2024,6851,0.0,0,0.0,0.0,0,0,0.64,0.64
DEF,0.5,0.5,1,0.5,291,,,4.1,https://resources.premierleague.com/premierleague/photos/players/250x250/p218218.png,1.7,11.2,a,Leicester,13,24,0.1,5.9,Faes,1200,1,0,1,28,0,0,0,2,0,0,0,92,322.6,34.1,73.0,43.0,13,0.94,0.18,1.12,26.99,36,287,181,135,,,,0.07,0.0,0.01,0.08,2.02,2.1,0.97,0.07,Defender,1.0,5.85,-0.12,"['Brighton', 'Home']","[2, 4, 2]",2.67,"['Brighton', 'Newcastle', 'Wolves']","[2, 4, 2, 5, 5]",3.6,"['Brighton', 'Newcastle', 'Wolves', 'Liverpool', 'Man City']",291,9c221d14,8646,292808,1,2024,8646,1.23,1,1.23,0.03,7,2,2.69,2.53
DEF,0.8,0.8,2,0.8,295,,,4.5,https://resources.premierleague.com/premierleague/photos/players/250x250/p220627.png,2.6,2.9,a,Leicester,13,34,0.2,7.6,Justin,1162,2,1,1,27,0,0,0,2,0,0,2,116,299.4,84.4,82.0,46.6,13,0.50,0.20,0.7,27.76,45,188,158,121,,,,0.04,0.0,0.02,0.06,2.15,2.09,1.01,0.08,Defender,3.0,7.56,2.3,"['Brighton', 'Home']","[2, 4, 2]",2.67,"['Brighton', 'Newcastle', 'Wolves']","[2, 4, 2, 5, 5]",3.6,"['Brighton', 'Newcastle', 'Wolves', 'Liverpool', 'Man City']",295,fb614c44,7753,413220,1,2024,7753,0.59,2,0.59,0.55,9,5,3.45,3.18
DEF,1.2,1.2,5,1.2,296,,2024-10-27T22:00:06.301413Z,4.5,https://resources.premierleague.com/premierleague/photos/players/250x250/p481510.png,1.6,0.1,a,Leicester,13,19,0.3,4.2,Kristiansen,1037,0,1,1,21,1,0,0,1,0,0,0,120,262.6,194.1,4.0,46.0,12,0.00,0.58,0.58,24.22,74,70,371,125,4.0,,,0.0,0.0,0.05,0.05,2.1,1.82,1.04,0.09,Defender,1.0,4.22,0.42,"['Brighton', 'Home']","[2, 4, 2]",2.67,"['Brighton', 'Newcastle', 'Wolves']","[2, 4, 2, 5, 5]",3.6,"['Brighton', 'Newcastle', 'Wolves', 'Liverpool', 'Man City']",296,505486d6,11367,564529,1,2024,11367,0.0,0,0.0,1.09,0,12,3.33,3.12
DEF,0.2,0.2,0,0.2,301,,2024-11-30T22:00:07.641824Z,4.0,https://resources.premierleague.com/premierleague/photos/players/250x250/p473341.png,1.6,1.1,a,Leicester,13,14,0.0,3.5,Okoli,754,0,0,1,17,0,0,0,1,0,0,1,74,217.4,7.1,36.0,26.0,9,0.14,0.04,0.18,18.90,114,374,247,235,,,,0.02,0.0,0.0,0.02,2.26,2.03,1.07,0.12,Defender,0.0,3.5,-0.18,"['Brighton', 'Home']","[2, 4, 2]",2.67,"['Brighton', 'Newcastle', 'Wolves']","[2, 4, 2, 5, 5]",3.6,"['Brighton', 'Newcastle', 'Wolves', 'Liverpool', 'Man City']",301,8ec109e6,7333,461833,1,2024,7333,0.33,0,0.33,0.0,3,0,2.14,2.13
DEF,0.0,0.0,0,0.0,302,Hamstring injury - Expected back 01 Mar,2024-11-10T23:00:07.847243Z,4.2,https://resources.premierleague.com/premierleague/photos/players/250x250/p111931.png,1.0,0.1,i,Leicester,13,2,0.0,0.5,Ricardo,146,0,0,0,4,0,0,0,1,0,0,0,10,13.8,5.7,2.0,2.2,2,0.00,0.03,0.03,2.08,407,384,381,420,,,,0.0,0.0,0.02,0.02,1.28,2.47,1.23,0.0,Defender,0.0,0.48,-0.03,"['Brighton', 'Home']","[2, 4, 2]",2.67,"['Brighton', 'Newcastle', 'Wolves']","[2, 4, 2, 5, 5]",3.6,"['Brighton', 'Newcastle', 'Wolves', 'Liverpool', 'Man City']",302,75a72a99,3303,215876,1,2024,3303,0.0,0,0.0,0.0,0,0,0.73,0.73
DEF,0.0,0.0,0,0.0,305,,,3.9,https://resources.premierleague.com/premierleague/photos/players/250x250/p244619.png,0.0,1.5,a,Leicester,13,0,0.0,0.0,Thomas,90,0,0,0,4,0,0,0,0,0,0,0,-1,7.8,13.3,10.0,3.1,1,0.02,0.03,0.05,2.40,428,345,335,404,,,,0.02,0.0,0.03,0.05,2.4,4.0,1.0,0.0,Defender,0.0,0.0,-0.05,"['Brighton', 'Home']","[2, 4, 2]",2.67,"['Brighton', 'Newcastle', 'Wolves']","[2, 4, 2, 5, 5]",3.6,"['Brighton', 'Newcastle', 'Wolves', 'Liverpool', 'Man City']",305,fc027d02,8562,505194,1,2024,8562,0.03,0,0.03,0.0,1,0,0.0,0.0
DEF,0.5,0.5,1,0.5,307,,2024-10-24T16:30:05.805561Z,4.0,https://resources.premierleague.com/premierleague/photos/players/250x250/p93100.png,1.0,1.8,a,Leicester,13,6,0.1,1.5,Vestergaard,474,0,0,0,9,0,0,0,1,0,0,0,39,106.6,15.1,9.0,13.1,5,0.01,0.03,0.04,7.69,241,337,338,311,,,,0.0,0.0,0.01,0.01,1.46,1.71,0.95,0.0,Defender,0.0,1.5,-0.04,"['Brighton', 'Home']","[2, 4, 2]",2.67,"['Brighton', 'Newcastle', 'Wolves']","[2, 4, 2, 5, 5]",3.6,"['Brighton', 'Newcastle', 'Wolves', 'Liverpool', 'Man City']",307,1900032e,111,99331,1,2024,111,0.01,0,0.01,0.02,1,1,1.4,1.4
DEF,4.8,4.8,6,3.8,311,,2024-11-10T01:30:08.685145Z,6.9,https://resources.premierleague.com/premierleague/photos/players/250x250/p169187.png,4.7,20.3,a,Liverpool,14,61,0.6,8.8,Alexander-Arnold,961,0,3,6,7,0,0,0,3,0,0,8,252,241.6,360.8,62.0,66.4,12,0.45,3.39,3.84,8.44,89,17,203,55,1.0,1.0,,0.04,0.0,0.32,0.36,0.79,0.66,1.12,0.56,Defender,3.0,8.84,-0.84,"['Everton', 'Away']","[2, 2, 4]",2.67,"['Everton', 'Fulham', 'Spurs']","[2, 2, 4, 2, 2]",2.4,"['Everton', 'Fulham', 'Spurs', 'Leicester', 'West Ham']",311,cd1acf9d,1791,314353,1,2024,1791,0.45,0,0.45,4.2,13,25,8.68,5.74
DEF,0.0,0.0,0,1.5,313,Hamstring injury - Unknown return date,2024-11-28T10:30:07.495614Z,4.7,https://resources.premierleague.com/premierleague/photos/players/250x250/p492777.png,1.6,0.3,i,Liverpool,14,11,0.3,2.3,Bradley,231,0,0,1,3,0,0,0,1,0,0,0,40,34.0,14.7,76.0,12.4,1,0.41,0.19,0.6,3.38,358,341,175,315,,,,0.16,0.0,0.07,0.23,1.32,1.17,0.39,0.39,Defender,0.0,2.34,-0.6,"['Everton', 'Away']","[2, 2, 4]",2.67,"['Everton', 'Fulham', 'Spurs']","[2, 2, 4, 2, 2]",2.4,"['Everton', 'Fulham', 'Spurs', 'Leicester', 'West Ham']",313,bbd67769,10120,624258,1,2024,10120,0.83,0,0.83,0.0,5,0,2.59,1.8
DEF,2.8,2.8,1,1.8,322,,,4.8,https://resources.premierleague.com/premierleague/photos/players/250x250/p171287.png,2.0,1.7,a,Liverpool,14,10,0.4,2.1,Gomez,211,0,0,1,2,0,0,0,0,0,0,0,52,64.4,1.7,50.0,11.7,2,0.30,0.01,0.31,2.51,308,410,219,320,,,,0.13,0.0,0.0,0.13,1.07,0.85,0.85,0.43,Defender,0.0,2.08,-0.31,"['Everton', 'Away']","[2, 2, 4]",2.67,"['Everton', 'Fulham', 'Spurs']","[2, 2, 4, 2, 2]",2.4,"['Everton', 'Fulham', 'Spurs', 'Leicester', 'West Ham']",322,7a11550b,987,256178,1,2024,987,0.34,0,0.34,0.0,2,0,1.14,1.14
DEF,0.0,0.0,0,1.5,326,Knee injury - Unknown return date,2024-11-28T10:30:07.514061Z,5.3,https://resources.premierleague.com/premierleague/photos/players/250x250/p204716.png,3.8,7.6,i,Liverpool,14,46,0.3,8.7,Konaté,974,1,1,5,8,0,0,0,4,0,0,1,200,228.8,46.9,65.0,34.2,11,0.88,0.15,1.03,9.92,103,263,194,181,,,,0.08,0.0,0.01,0.09,0.92,0.74,1.02,0.46,Defender,2.0,8.68,0.97,"['Everton', 'Away']","[2, 2, 4]",2.67,"['Everton', 'Fulham', 'Spurs']","[2, 2, 4, 2, 2]",2.4,"['Everton', 'Fulham', 'Spurs', 'Leicester', 'West Ham']",326,5ed9b537,6326,357119,1,2024,6326,1.21,1,1.21,0.35,8,3,8.49,8.46
DEF,1.2,1.2,0,0.2,333,,2024-08-23T09:30:06.099816Z,3.9,https://resources.premierleague.com/premierleague/photos/players/250x250/p441428.png,0.7,1.3,a,Liverpool,14,2,0.1,0.5,Quansah,152,0,0,0,3,0,0,0,1,0,0,0,12,41.0,3.0,2.0,4.6,2,0.00,0.12,0.12,2.99,346,397,379,393,,,,0.0,0.0,0.07,0.07,1.77,1.78,1.18,0.0,Defender,0.0,0.51,-0.12,"['Everton', 'Away']","[2, 2, 4]",2.67,"['Everton', 'Fulham', 'Spurs']","[2, 2, 4, 2, 2]",2.4,"['Everton', 'Fulham', 'Spurs', 'Leicester', 'West Ham']",333,4125cb98,10187,632349,1,2024,10187,0.0,0,0.0,0.0,0,0,0.13,0.13
DEF,5.0,5.0,1,4.0,335,,,5.9,https://resources.premierleague.com/premierleague/photos/players/250x250/p122798.png,3.6,5.8,a,Liverpool,14,47,0.7,8.0,Robertson,1025,0,0,6,10,0,0,0,1,0,0,2,213,162.0,309.3,88.0,55.8,12,0.43,1.74,2.17,11.57,177,30,147,88,2.0,,,0.04,0.0,0.15,0.19,1.02,0.88,1.05,0.53,Defender,0.0,7.97,-2.17,"['Everton', 'Away']","[2, 2, 4]",2.67,"['Everton', 'Fulham', 'Spurs']","[2, 2, 4, 2, 2]",2.4,"['Everton', 'Fulham', 'Spurs', 'Leicester', 'West Ham']",335,2e4f5f03,1688,234803,1,2024,1688,0.58,0,0.58,2.54,4,19,8.79,7.06
DEF,0.2,0.2,0,0.0,337,Knock - 25% chance of playing,2024-11-25T09:30:07.571904Z,4.6,https://resources.premierleague.com/premierleague/photos/players/250x250/p214285.png,2.2,0.2,d,Liverpool,14,13,0.0,2.8,Tsimikas,228,0,0,1,1,0,0,0,0,0,0,1,68,61.0,53.2,19.0,13.5,2,0.08,0.59,0.67,2.00,313,239,306,309,3.0,,,0.03,0.0,0.23,0.26,0.79,0.39,0.79,0.39,Defender,0.0,2.83,-0.67,"['Everton', 'Away']","[2, 2, 4]",2.67,"['Everton', 'Fulham', 'Spurs']","[2, 2, 4, 2, 2]",2.4,"['Everton', 'Fulham', 'Spurs', 'Leicester', 'West Ham']",337,f315ca93,8852,338070,1,2024,8852,0.1,0,0.1,0.83,2,3,1.67,1.57
DEF,4.5,4.5,1,3.5,339,,,6.4,https://resources.premierleague.com/premierleague/photos/players/250x250/p97032.png,4.6,24.8,a,Liverpool,14,64,0.5,10.0,Virgil,1260,1,1,7,11,0,0,0,1,0,0,3,269,332.6,70.9,130.0,53.3,14,0.81,0.30,1.11,13.56,33,205,110,97,,3.0,,0.06,0.0,0.02,0.08,0.97,0.79,1.0,0.5,Defender,2.0,10.0,0.89,"['Everton', 'Away']","[2, 2, 4]",2.67,"['Everton', 'Fulham', 'Spurs']","[2, 2, 4, 2, 2]",2.4,"['Everton', 'Fulham', 'Spurs', 'Leicester', 'West Ham']",339,e06683ca,833,139208,1,2024,833,1.15,1,1.15,0.45,8,5,7.3,6.88
DEF,0.5,1.0,1,0.0,340,Knock - 50% chance of playing,2024-12-05T00:30:08.316605Z,5.4,https://resources.premierleague.com/premierleague/photos/players/250x250/p211975.png,1.9,3.5,d,Man City,43,23,0.0,4.3,Akanji,1006,0,0,2,15,0,0,0,3,0,0,0,141,183.8,172.1,43.0,40.0,12,0.35,0.89,1.24,15.86,152,87,235,145,,,,0.03,0.0,0.08,0.11,1.42,1.34,1.07,0.18,Defender,0.0,4.26,-1.24,"['Crystal Palace', 'Away']","[2, 3, 4]",3.0,"['Crystal Palace', 'Man Utd', 'Aston Villa']","[2, 3, 4, 2, 2]",2.6,"['Crystal Palace', 'Man Utd', 'Aston Villa', 'Everton', 'Leicester']",340,89ac64a6,6490,284730,1,2024,6490,0.26,0,0.26,0.28,8,6,8.16,8.04
DEF,0.7,2.8,6,1.8,341,Hamstring injury - 25% chance of playing,2024-12-05T00:30:08.334401Z,5.3,https://resources.premierleague.com/premierleague/photos/players/250x250/p126184.png,1.8,1.0,d,Man City,43,9,0.3,1.7,Aké,298,0,0,1,6,0,0,0,0,0,0,0,39,42.4,13.5,11.0,6.7,3,0.11,0.08,0.19,7.98,343,343,333,366,,,,0.03,0.0,0.02,0.05,2.41,1.81,0.91,0.3,Defender,0.0,1.7,-0.19,"['Crystal Palace', 'Away']","[2, 3, 4]",3.0,"['Crystal Palace', 'Man Utd', 'Aston Villa']","[2, 3, 4, 2, 2]",2.6,"['Crystal Palace', 'Man Utd', 'Aston Villa', 'Everton', 'Leicester']",341,eaeca114,579,177476,1,2024,579,0.18,0,0.18,0.0,2,0,1.43,1.31
DEF,2.8,2.8,6,1.8,350,,2024-10-31T02:30:07.426838Z,6.2,https://resources.premierleague.com/premierleague/photos/players/250x250/p477424.png,4.3,26.5,a,Man City,43,56,0.3,9.0,Gvardiol,1122,3,0,3,16,0,0,0,0,0,0,7,217,342.0,291.0,225.0,85.9,12,1.50,1.80,3.3,15.86,25,35,50,24,,,,0.12,0.0,0.14,0.26,1.27,1.28,0.96,0.24,Defender,3.0,9.03,-0.3,"['Crystal Palace', 'Away']","[2, 3, 4]",3.0,"['Crystal Palace', 'Man Utd', 'Aston Villa']","[2, 3, 4, 2, 2]",2.6,"['Crystal Palace', 'Man Utd', 'Aston Villa', 'Everton', 'Leicester']",350,5ad50391,9790,475959,1,2024,9790,1.95,3,1.95,1.53,20,18,10.7,7.97
DEF,1.5,1.5,1,0.5,355,,,4.7,https://resources.premierleague.com/premierleague/photos/players/250x250/p477064.png,2.5,11.4,a,Man City,43,32,0.1,6.8,Lewis,939,0,2,2,14,0,0,0,2,0,0,1,126,146.2,124.0,82.0,35.2,11,0.84,0.57,1.41,15.41,193,137,159,174,,,,0.08,0.0,0.05,0.13,1.48,1.34,1.05,0.19,Defender,2.0,6.81,0.59,"['Crystal Palace', 'Away']","[2, 3, 4]",3.0,"['Crystal Palace', 'Man Utd', 'Aston Villa']","[2, 3, 4, 2, 2]",2.6,"['Crystal Palace', 'Man Utd', 'Aston Villa', 'Everton', 'Leicester']",355,b57e066e,10847,701057,1,2024,10847,1.16,0,1.16,0.25,6,5,6.53,5.29
DEF,2.8,2.8,6,1.8,361,,2024-11-01T17:00:08.011314Z,5.4,https://resources.premierleague.com/premierleague/photos/players/250x250/p171314.png,2.4,2.9,a,Man City,43,26,0.3,4.8,Rúben,906,0,0,3,10,1,0,0,3,0,0,1,132,183.6,115.6,65.0,36.5,10,0.64,0.71,1.35,12.46,153,146,195,169,,,,0.06,0.0,0.07,0.13,1.24,0.99,0.99,0.3,Defender,0.0,4.81,-1.35,"['Crystal Palace', 'Away']","[2, 3, 4]",3.0,"['Crystal Palace', 'Man Utd', 'Aston Villa']","[2, 3, 4, 2, 2]",2.6,"['Crystal Palace', 'Man Utd', 'Aston Villa', 'Everton', 'Leicester']",361,31c69ef1,8961,258004,1,2024,8961,0.78,0,0.78,0.21,12,5,6.66,6.51
DEF,0.0,0.0,0,0.0,362,Foot injury - Expected back 15 Dec,2024-12-03T13:00:08.353446Z,5.3,https://resources.premierleague.com/premierleague/photos/players/250x250/p97299.png,2.9,1.5,i,Man City,43,20,0.0,3.8,Stones,283,2,0,0,5,0,0,0,1,0,0,1,56,97.6,21.0,70.0,18.7,3,0.60,0.12,0.72,3.13,257,320,188,279,,,,0.19,0.0,0.04,0.23,1.0,1.59,0.95,0.0,Defender,2.0,3.77,1.28,"['Crystal Palace', 'Away']","[2, 3, 4]",3.0,"['Crystal Palace', 'Man Utd', 'Aston Villa']","[2, 3, 4, 2, 2]",2.6,"['Crystal Palace', 'Man Utd', 'Aston Villa', 'Everton', 'Leicester']",362,5eecec3d,586,186590,1,2024,586,0.67,2,0.67,0.0,2,0,1.56,1.56
DEF,1.8,1.8,1,0.8,363,,2024-10-20T21:30:07.137600Z,5.2,https://resources.premierleague.com/premierleague/photos/players/250x250/p58621.png,1.0,3.5,a,Man City,43,10,0.2,1.9,Walker,692,0,0,0,15,0,0,0,1,0,0,0,60,118.0,136.3,29.0,28.4,7,0.12,1.26,1.38,14.51,224,126,273,221,,,,0.02,0.0,0.16,0.18,1.89,1.95,0.91,0.0,Defender,0.0,1.92,-1.38,"['Crystal Palace', 'Away']","[2, 3, 4]",3.0,"['Crystal Palace', 'Man Utd', 'Aston Villa']","[2, 3, 4, 2, 2]",2.6,"['Crystal Palace', 'Man Utd', 'Aston Villa', 'Everton', 'Leicester']",363,86dd77d1,638,95424,1,2024,638,0.11,0,0.11,0.72,5,7,5.01,4.87
DEF,1.0,1.0,0,0.0,672,,2024-11-13T15:30:08.805382Z,4.0,https://resources.premierleague.com/premierleague/photos/players/250x250/p554194.png,0.0,0.0,a,Man City,43,0,0.0,0.0,Simpson-Pusey,90,0,0,0,2,0,0,0,1,0,0,0,4,18.2,1.8,0.0,2.0,1,0.00,0.01,0.01,2.29,393,407,477,425,,,,0.0,0.0,0.01,0.01,2.29,2.0,1.0,0.0,Defender,0.0,0.0,-0.01,"['Crystal Palace', 'Away']","[2, 3, 4]",3.0,"['Crystal Palace', 'Man Utd', 'Aston Villa']","[2, 3, 4, 2, 2]",2.6,"['Crystal Palace', 'Man Utd', 'Aston Villa', 'Everton', 'Leicester']",672,383b10fd,13185,942497,1,2024,13185,0.0,0,0.0,0.0,0,0,1.0,1.0
DEF,2.5,1.5,1,2.5,369,,,5.2,https://resources.premierleague.com/premierleague/photos/players/250x250/p216051.png,3.4,11.0,a,Man Utd,1,48,0.5,9.2,Dalot,1226,0,1,5,15,0,0,0,3,0,0,6,202,225.8,148.1,70.0,44.3,14,0.67,1.06,1.73,21.48,107,113,187,131,,,,0.05,0.0,0.08,0.13,1.58,1.1,1.03,0.37,Defender,1.0,9.23,-0.73,"[""Nott'm Forest"", 'Home']","[3, 5, 2]",3.33,"[""Nott'm Forest"", 'Man City', 'Bournemouth']","[3, 5, 2, 2, 3]",3.0,"[""Nott'm Forest"", 'Man City', 'Bournemouth', 'Wolves', 'Newcastle']",369,d9565625,7281,357147,1,2024,7281,0.78,0,0.78,1.44,6,9,5.57,4.25
DEF,0.5,-0.5,0,0.5,371,,2024-10-25T13:00:06.277059Z,4.4,https://resources.premierleague.com/premierleague/photos/players/250x250/p37642.png,2.3,0.1,a,Man Utd,1,14,0.1,3.2,Evans,288,0,0,1,2,0,0,0,1,0,0,3,62,51.0,4.1,6.0,6.1,3,0.08,0.02,0.1,2.62,327,390,354,374,,,,0.02,0.0,0.01,0.03,0.82,0.62,0.94,0.31,Defender,0.0,3.18,-0.1,"[""Nott'm Forest"", 'Home']","[3, 5, 2]",3.33,"[""Nott'm Forest"", 'Man City', 'Bournemouth']","[3, 5, 2, 2, 3]",3.0,"[""Nott'm Forest"", 'Man City', 'Bournemouth', 'Wolves', 'Newcastle']",371,f8fcd2a5,807,42412,1,2024,807,0.06,0,0.06,0.0,1,0,1.13,1.13
DEF,0.0,-0.5,0,0.0,376,Groin Injury - 50% chance of playing,2024-11-21T08:30:09.218875Z,4.3,https://resources.premierleague.com/premierleague/photos/players/250x250/p184667.png,0.8,0.1,d,Man Utd,1,3,0.0,0.7,Lindelof,58,0,0,0,1,0,0,0,1,0,0,0,7,16.0,15.5,4.0,3.6,0,0.00,0.04,0.04,1.38,401,335,367,401,,,,0.0,0.0,0.06,0.06,2.14,1.55,0.0,0.0,Defender,0.0,0.7,-0.04,"[""Nott'm Forest"", 'Home']","[3, 5, 2]",3.33,"[""Nott'm Forest"", 'Man City', 'Bournemouth']","[3, 5, 2, 2, 3]",3.0,"[""Nott'm Forest"", 'Man City', 'Bournemouth', 'Wolves', 'Newcastle']",376,f5deef4c,6080,184573,1,2024,6080,0.0,0,0.0,0.05,0,1,0.1,0.05
DEF,0.2,-0.8,0,0.2,377,,2024-10-06T22:00:07.722929Z,4.9,https://resources.premierleague.com/premierleague/photos/players/250x250/p95658.png,1.3,0.4,a,Man Utd,1,9,0.0,1.8,Maguire,332,0,0,1,2,0,0,0,4,0,0,0,49,53.6,15.9,14.0,8.4,4,0.04,0.02,0.06,3.34,324,333,321,345,,,,0.01,0.0,0.01,0.02,0.91,0.54,1.08,0.27,Defender,0.0,1.84,-0.06,"[""Nott'm Forest"", 'Home']","[3, 5, 2]",3.33,"[""Nott'm Forest"", 'Man City', 'Bournemouth']","[3, 5, 2, 2, 3]",3.0,"[""Nott'm Forest"", 'Man City', 'Bournemouth', 'Wolves', 'Newcastle']",377,d8931174,1687,177907,1,2024,1687,0.05,0,0.05,0.02,1,1,0.86,0.83
DEF,0.0,-1.0,0,0.0,379,,2024-08-05T15:00:04.439521Z,4.4,https://resources.premierleague.com/premierleague/photos/players/250x250/p222690.png,0.0,0.0,a,Man Utd,1,0,0.0,0.0,Malacia,45,0,0,0,0,0,0,0,1,0,0,0,0,2.0,1.7,0.0,0.4,1,0.00,0.01,0.01,0.23,457,409,526,457,,,,0.0,0.0,0.02,0.02,0.46,0.0,2.0,0.0,Defender,0.0,0.0,-0.01,"[""Nott'm Forest"", 'Home']","[3, 5, 2]",3.33,"[""Nott'm Forest"", 'Man City', 'Bournemouth']","[3, 5, 2, 2, 3]",3.0,"[""Nott'm Forest"", 'Man City', 'Bournemouth', 'Wolves', 'Newcastle']",379,6b6c793c,10803,339340,1,2024,10803,0.0,0,0.0,0.0,0,0,0.0,0.0
DEF,2.8,0.0,0,2.8,380,,2024-12-02T00:00:08.536263Z,4.4,https://resources.premierleague.com/premierleague/photos/players/250x250/p221820.png,3.1,3.6,a,Man Utd,1,34,0.6,7.7,Martinez,976,0,0,5,12,0,0,0,5,0,0,1,164,189.8,51.9,81.0,32.3,11,0.81,0.32,1.13,17.35,141,243,161,193,,,,0.07,0.0,0.03,0.1,1.6,1.11,1.01,0.46,Defender,0.0,7.73,-1.13,"[""Nott'm Forest"", 'Home']","[3, 5, 2]",3.33,"[""Nott'm Forest"", 'Man City', 'Bournemouth']","[3, 5, 2, 2, 3]",3.0,"[""Nott'm Forest"", 'Man City', 'Bournemouth', 'Wolves', 'Newcastle']",380,bac46a10,10802,480762,1,2024,10802,1.12,0,1.12,0.11,7,3,5.32,4.57
DEF,0.0,-0.5,0,0.5,387,Muscle injury - Unknown return date,2024-12-05T01:00:08.299125Z,4.9,https://resources.premierleague.com/premierleague/photos/players/250x250/p106760.png,1.0,0.2,i,Man Utd,1,2,0.1,0.4,Shaw,68,0,0,0,0,0,0,0,0,0,0,0,19,16.6,2.6,0.0,2.0,0,0.00,0.01,0.01,0.50,400,400,640,428,,,,0.0,0.0,0.01,0.01,0.66,0.0,0.0,0.0,Defender,0.0,0.41,-0.01,"[""Nott'm Forest"", 'Home']","[3, 5, 2]",3.33,"[""Nott'm Forest"", 'Man City', 'Bournemouth']","[3, 5, 2, 2, 3]",3.0,"[""Nott'm Forest"", 'Man City', 'Bournemouth', 'Wolves', 'Newcastle']",387,9c94165b,1006,183288,1,2024,1006,0.0,0,0.0,0.0,0,0,0.24,0.24
DEF,0.2,-0.6,1,0.2,572,,2024-08-05T15:00:04.535911Z,4.3,https://resources.premierleague.com/premierleague/photos/players/250x250/p550864.png,1.0,0.1,a,Man Utd,1,1,0.0,0.2,Yoro,31,0,0,0,1,0,0,0,0,0,0,0,0,10.8,0.6,0.0,1.1,0,0.00,0.00,0.0,1.54,413,423,521,441,,,,0.0,0.0,0.0,0.0,4.47,2.9,0.0,0.0,Defender,0.0,0.23,0.0,"[""Nott'm Forest"", 'Home']","[3, 5, 2]",3.33,"[""Nott'm Forest"", 'Man City', 'Bournemouth']","[3, 5, 2, 2, 3]",3.0,"[""Nott'm Forest"", 'Man City', 'Bournemouth', 'Wolves', 'Newcastle']",572,6763f716,10564,923831,1,2024,10564,0.0,0,0.0,0.0,0,0,0.0,0.0
DEF,2.5,1.5,1,2.5,593,,,5.0,https://resources.premierleague.com/premierleague/photos/players/250x250/p209365.png,2.8,5.1,a,Man Utd,1,39,0.5,7.8,De Ligt,994,1,0,3,14,0,0,0,2,0,0,3,167,227.6,32.4,164.0,42.7,11,1.19,0.03,1.22,18.79,104,290,86,136,,,,0.11,0.0,0.0,0.11,1.7,1.27,1.0,0.27,Defender,1.0,7.8,-0.22,"[""Nott'm Forest"", 'Home']","[3, 5, 2]",3.33,"[""Nott'm Forest"", 'Man City', 'Bournemouth']","[3, 5, 2, 2, 3]",3.0,"[""Nott'm Forest"", 'Man City', 'Bournemouth', 'Wolves', 'Newcastle']",593,d6e53a3a,7902,326031,1,2024,7902,1.24,1,1.24,0.05,7,2,2.67,2.6
DEF,3.0,2.0,1,3.0,594,,2024-10-27T22:30:07.983672Z,4.7,https://resources.premierleague.com/premierleague/photos/players/250x250/p230001.png,3.1,17.6,a,Man Utd,1,43,0.6,9.1,Mazraoui,1057,0,1,4,13,0,0,0,1,0,0,4,198,258.2,96.7,52.0,40.6,13,0.22,0.95,1.17,19.22,78,173,216,142,,,,0.02,0.0,0.08,0.1,1.64,1.11,1.11,0.34,Defender,1.0,9.15,-0.17,"[""Nott'm Forest"", 'Home']","[3, 5, 2]",3.33,"[""Nott'm Forest"", 'Man City', 'Bournemouth']","[3, 5, 2, 2, 3]",3.0,"[""Nott'm Forest"", 'Man City', 'Bournemouth', 'Wolves', 'Newcastle']",594,b74277a0,10696,340456,1,2024,10696,0.24,0,0.24,0.22,5,5,3.85,3.5
DEF,1.5,0.5,1,1.5,395,,2024-11-10T23:00:08.148381Z,4.4,https://resources.premierleague.com/premierleague/photos/players/250x250/p78916.png,2.5,6.8,a,Newcastle,4,32,0.3,7.3,Burn,1170,0,0,3,15,1,0,0,5,0,0,4,133,217.0,27.3,96.0,34.1,13,0.57,0.24,0.81,18.31,116,301,138,182,,,,0.04,0.0,0.02,0.06,1.41,1.15,1.0,0.23,Defender,0.0,7.27,-0.81,"['Brentford', 'Away']","[3, 2, 2]",2.33,"['Brentford', 'Leicester', 'Ipswich']","[3, 2, 2, 3, 3]",2.6,"['Brentford', 'Leicester', 'Ipswich', 'Aston Villa', 'Man Utd']",395,b2d31e83,7382,134270,1,2024,7382,0.73,0,0.73,0.11,7,2,4.29,4.22
DEF,1.5,0.5,1,1.5,399,,,4.4,https://resources.premierleague.com/premierleague/photos/players/250x250/p487838.png,2.6,6.6,a,Newcastle,4,36,0.3,8.2,Hall,1055,0,1,3,13,0,0,0,3,0,0,2,177,270.2,267.0,51.0,59.1,11,0.13,1.70,1.83,14.69,63,37,218,77,2.0,,,0.01,0.0,0.15,0.16,1.25,1.11,0.94,0.26,Defender,1.0,8.18,-0.83,"['Brentford', 'Away']","[3, 2, 2]",2.33,"['Brentford', 'Leicester', 'Ipswich']","[3, 2, 2, 3, 3]",2.6,"['Brentford', 'Leicester', 'Ipswich', 'Aston Villa', 'Man Utd']",399,da011f18,10216,670858,1,2024,10216,0.17,0,0.17,1.97,4,16,6.11,4.58
DEF,0.0,-1.0,0,0.0,404,,,4.3,https://resources.premierleague.com/premierleague/photos/players/250x250/p235530.png,1.2,0.1,a,Newcastle,4,10,0.0,2.3,Kelly,295,0,1,0,6,0,0,0,2,0,0,0,36,79.6,28.1,14.0,12.0,4,0.36,0.11,0.47,5.55,280,299,316,319,,,,0.11,0.0,0.03,0.14,1.69,1.83,1.22,0.0,Defender,1.0,2.33,0.53,"['Brentford', 'Away']","[3, 2, 2]",2.33,"['Brentford', 'Leicester', 'Ipswich']","[3, 2, 2, 3, 3]",2.6,"['Brentford', 'Leicester', 'Ipswich', 'Aston Villa', 'Man Utd']",404,f31def1e,8090,480116,1,2024,8090,0.21,0,0.21,0.38,2,2,0.88,0.5
DEF,0.0,0.0,0,0.0,405,Shoulder injury - Expected back 15 Jan,2024-11-11T16:00:06.953415Z,4.3,https://resources.premierleague.com/premierleague/photos/players/250x250/p111773.png,3.3,0.1,i,Newcastle,4,10,0.0,2.3,Krafth,240,0,0,1,2,0,0,0,0,0,0,0,34,44.2,10.9,11.0,6.6,2,0.04,0.03,0.07,5.07,342,355,330,367,,,,0.02,0.0,0.01,0.03,1.9,0.75,0.75,0.38,Defender,0.0,2.33,-0.07,"['Brentford', 'Away']","[3, 2, 2]",2.33,"['Brentford', 'Leicester', 'Ipswich']","[3, 2, 2, 3, 3]",2.6,"['Brentford', 'Leicester', 'Ipswich', 'Aston Villa', 'Man Utd']",405,77cf6852,1545,184528,1,2024,1545,0.03,0,0.03,0.06,1,1,0.78,0.78
DEF,1.5,0.5,1,1.5,409,,,4.5,https://resources.premierleague.com/premierleague/photos/players/250x250/p441191.png,2.2,2.1,a,Newcastle,4,31,0.3,6.9,Livramento,977,0,0,2,14,0,0,0,0,0,0,2,130,200.2,113.5,14.0,32.7,11,0.00,0.28,0.28,15.01,129,151,319,191,,,,0.0,0.0,0.03,0.03,1.38,1.29,1.01,0.18,Defender,0.0,6.89,-0.28,"['Brentford', 'Away']","[3, 2, 2]",2.33,"['Brentford', 'Leicester', 'Ipswich']","[3, 2, 2, 3, 3]",2.6,"['Brentford', 'Leicester', 'Ipswich', 'Aston Villa', 'Man Utd']",409,afed6722,9512,503981,1,2024,9512,0.0,0,0.0,0.46,0,7,4.06,3.77
DEF,3.0,2.0,7,3.0,415,,2024-10-02T00:30:05.719745Z,5.4,https://resources.premierleague.com/premierleague/photos/players/250x250/p119471.png,2.7,1.5,a,Newcastle,4,32,0.6,5.9,Schär,1017,2,0,2,15,0,0,0,4,1,0,0,120,267.0,35.7,91.0,38.9,12,1.31,0.58,1.89,14.16,67,285,144,153,,2.0,,0.12,0.0,0.05,0.17,1.25,1.33,1.06,0.18,Defender,2.0,5.93,0.11,"['Brentford', 'Away']","[3, 2, 2]",2.33,"['Brentford', 'Leicester', 'Ipswich']","[3, 2, 2, 3, 3]",2.6,"['Brentford', 'Leicester', 'Ipswich', 'Aston Villa', 'Man Utd']",415,c8aa95da,76,135343,1,2024,76,0.69,2,0.69,0.07,14,1,2.75,2.59
DEF,0.2,-0.8,0,0.2,418,Illness - 75% chance of playing,2024-12-05T01:00:08.361656Z,5.6,https://resources.premierleague.com/premierleague/photos/players/250x250/p77794.png,2.3,3.3,d,Newcastle,4,14,0.0,2.5,Trippier,284,0,0,1,3,0,0,0,0,0,0,2,48,44.6,66.8,11.0,12.2,3,0.03,0.23,0.26,4.21,341,211,334,317,1.0,1.0,,0.01,0.0,0.07,0.08,1.33,0.95,0.95,0.32,Defender,0.0,2.5,-0.26,"['Brentford', 'Away']","[3, 2, 2]",2.33,"['Brentford', 'Leicester', 'Ipswich']","[3, 2, 2, 3, 3]",2.6,"['Brentford', 'Leicester', 'Ipswich', 'Aston Villa', 'Man Utd']",418,21512407,652,95810,1,2024,652,0.06,0,0.06,0.15,1,2,1.42,1.36
DEF,1.0,0.0,1,1.0,26,,,4.4,https://resources.premierleague.com/premierleague/photos/players/250x250/p106468.png,2.7,0.8,a,Nott'm Forest,17,30,0.2,6.8,Alex Moreno,787,0,1,3,13,0,0,0,2,0,0,1,107,156.6,78.6,25.0,26.0,10,0.17,0.81,0.98,10.56,182,197,279,236,,,,0.02,0.0,0.09,0.11,1.21,1.49,1.14,0.34,Defender,1.0,6.82,0.02,"['Man Utd', 'Away']","[3, 3, 3]",3.0,"['Man Utd', 'Aston Villa', 'Brentford']","[3, 3, 3, 4, 2]",3.0,"['Man Utd', 'Aston Villa', 'Brentford', 'Spurs', 'Everton']",26,16e9d0ea,4120,193098,1,2024,4120,0.22,0,0.22,0.84,6,4,2.26,1.48
DEF,2.5,1.5,1,2.5,422,,2024-11-21T08:30:09.347848Z,4.9,https://resources.premierleague.com/premierleague/photos/players/250x250/p159506.png,4.1,14.3,a,Nott'm Forest,17,57,0.5,11.6,Aina,1193,1,0,5,15,0,0,0,2,0,0,10,222,251.6,108.1,29.0,38.9,14,0.11,1.08,1.19,14.50,81,157,271,152,,,,0.01,0.0,0.08,0.09,1.09,1.13,1.06,0.38,Defender,1.0,11.63,-0.19,"['Man Utd', 'Away']","[3, 3, 3]",3.0,"['Man Utd', 'Aston Villa', 'Brentford']","[3, 3, 3, 4, 2]",3.0,"['Man Utd', 'Aston Villa', 'Brentford', 'Spurs', 'Everton']",422,246d153b,725,236490,1,2024,725,0.11,1,0.11,0.84,4,5,3.17,2.97
DEF,0.0,-1.0,0,0.0,425,,2024-09-11T12:30:07.170970Z,4.2,https://resources.premierleague.com/premierleague/photos/players/250x250/p90585.png,1.5,0.1,a,Nott'm Forest,17,3,0.0,0.7,Boly,91,0,0,0,1,0,0,0,0,0,0,0,13,32.0,0.2,17.0,4.9,1,0.07,0.00,0.07,1.22,361,437,311,387,,,,0.07,0.0,0.0,0.07,1.21,0.99,0.99,0.0,Defender,0.0,0.71,-0.07,"['Man Utd', 'Away']","[3, 3, 3]",3.0,"['Man Utd', 'Aston Villa', 'Brentford']","[3, 3, 3, 4, 2]",3.0,"['Man Utd', 'Aston Villa', 'Brentford', 'Spurs', 'Everton']",425,a4ac4b8f,6850,142310,1,2024,6850,0.08,0,0.08,0.0,1,0,0.09,0.09
DEF,3.8,2.8,0,3.8,436,,,4.6,https://resources.premierleague.com/premierleague/photos/players/250x250/p575476.png,3.7,3.6,a,Nott'm Forest,17,52,0.8,11.3,Murillo,1260,1,0,5,16,0,0,0,2,0,0,4,211,356.0,106.5,119.0,58.3,14,0.79,0.47,1.26,15.48,18,160,117,82,,3.0,,0.06,0.0,0.03,0.09,1.11,1.14,1.0,0.36,Defender,1.0,11.3,-0.26,"['Man Utd', 'Away']","[3, 3, 3]",3.0,"['Man Utd', 'Aston Villa', 'Brentford']","[3, 3, 3, 4, 2]",3.0,"['Man Utd', 'Aston Villa', 'Brentford', 'Spurs', 'Everton']",436,1704b0b8,12123,1005649,1,2024,12123,1.33,1,1.33,0.94,12,8,3.11,2.79
DEF,1.8,0.8,0,1.8,437,,,4.3,https://resources.premierleague.com/premierleague/photos/players/250x250/p215136.png,1.8,0.4,a,Nott'm Forest,17,20,0.4,4.7,N.Williams,463,0,0,2,3,0,0,0,3,0,0,0,73,92.8,83.3,75.0,25.3,4,0.62,0.31,0.93,4.73,262,190,177,239,,,,0.12,0.0,0.06,0.18,0.92,0.58,0.78,0.39,Defender,0.0,4.65,-0.93,"['Man Utd', 'Away']","[3, 3, 3]",3.0,"['Man Utd', 'Aston Villa', 'Brentford']","[3, 3, 3, 4, 2]",3.0,"['Man Utd', 'Aston Villa', 'Brentford', 'Spurs', 'Everton']",437,dd323728,8204,503680,1,2024,8204,1.01,0,1.01,0.33,10,5,1.86,0.8
DEF,0.0,-1.0,0,0.0,444,,,4.3,https://resources.premierleague.com/premierleague/photos/players/250x250/p114241.png,1.0,0.1,a,Nott'm Forest,17,1,0.0,0.2,Toffolo,36,0,0,0,1,0,0,0,0,0,0,0,0,9.6,3.0,6.0,1.9,0,0.02,0.01,0.03,0.67,420,398,353,429,,,,0.05,0.0,0.02,0.07,1.68,2.5,0.0,0.0,Defender,0.0,0.23,-0.03,"['Man Utd', 'Away']","[3, 3, 3]",3.0,"['Man Utd', 'Aston Villa', 'Brentford']","[3, 3, 3, 4, 2]",3.0,"['Man Utd', 'Aston Villa', 'Brentford', 'Spurs', 'Everton']",444,a105d46a,10758,198516,1,2024,10758,0.02,0,0.02,0.0,1,0,0.02,0.0
DEF,2.0,1.0,0,2.0,573,,,4.5,https://resources.premierleague.com/premierleague/photos/players/250x250/p227444.png,3.3,1.2,a,Nott'm Forest,17,43,0.4,9.6,Milenković,1170,0,1,5,15,0,0,0,2,0,0,0,154,186.2,47.0,99.0,33.0,13,1.94,0.43,2.37,14.26,147,261,135,189,,,,0.15,0.0,0.03,0.18,1.1,1.15,1.0,0.38,Defender,1.0,9.56,-1.37,"['Man Utd', 'Away']","[3, 3, 3]",3.0,"['Man Utd', 'Aston Villa', 'Brentford']","[3, 3, 3, 4, 2]",3.0,"['Man Utd', 'Aston Villa', 'Brentford', 'Spurs', 'Everton']",573,bee704fc,6174,413507,1,2024,6174,2.04,0,2.04,0.58,12,4,2.57,1.71
DEF,0.5,-0.5,1,0.5,653,,,4.5,https://resources.premierleague.com/premierleague/photos/players/250x250/p485047.png,1.0,0.0,a,Nott'm Forest,17,7,0.1,1.6,Morato,122,0,0,0,1,0,0,0,0,0,0,0,28,46.0,3.2,0.0,4.9,0,0.00,0.01,0.01,2.07,339,396,579,388,,,,0.0,0.0,0.01,0.01,1.53,0.74,0.0,0.0,Defender,0.0,1.56,-0.01,"['Man Utd', 'Away']","[3, 3, 3]",3.0,"['Man Utd', 'Aston Villa', 'Brentford']","[3, 3, 3, 4, 2]",3.0,"['Man Utd', 'Aston Villa', 'Brentford', 'Spurs', 'Everton']",653,0f41e2ee,13068,673492,1,2024,13068,0.0,0,0.0,0.0,0,0,0.08,0.08
DEF,-0.3,-0.8,0,0.2,455,,2024-11-21T08:30:09.393120Z,4.0,https://resources.premierleague.com/premierleague/photos/players/250x250/p171771.png,1.5,2.7,a,Southampton,20,17,0.0,4.2,Bednarek,980,0,0,1,21,0,0,0,3,0,0,0,100,269.4,47.3,10.0,32.6,11,0.01,0.76,0.77,23.03,64,260,336,192,,,,0.0,0.0,0.07,0.07,2.12,1.93,1.01,0.09,Defender,0.0,4.25,-0.77,"['Aston Villa', 'Away']","[4, 4, 3]",3.67,"['Aston Villa', 'Spurs', 'Fulham']","[4, 4, 3, 2, 2]",3.0,"['Aston Villa', 'Spurs', 'Fulham', 'West Ham', 'Crystal Palace']",455,4115ce4e,6042,243028,1,2024,6042,0.01,0,0.01,0.24,1,3,3.65,3.59
DEF,-0.5,-1.0,0,0.0,457,,,3.9,https://resources.premierleague.com/premierleague/photos/players/250x250/p184386.png,0.5,0.3,a,Southampton,20,1,0.0,0.3,Bree,90,0,0,0,4,0,0,0,0,0,0,0,6,17.0,26.4,0.0,4.3,1,0.00,0.12,0.12,5.67,396,304,404,394,,,,0.0,0.0,0.12,0.12,5.67,4.0,1.0,0.0,Defender,0.0,0.26,-0.12,"['Aston Villa', 'Away']","[4, 4, 3]",3.67,"['Aston Villa', 'Spurs', 'Fulham']","[4, 4, 3, 2, 2]",3.0,"['Aston Villa', 'Spurs', 'Fulham', 'West Ham', 'Crystal Palace']",457,c07b7c5c,11359,324223,1,2024,11359,0.0,0,0.0,0.38,0,2,0.67,0.67
DEF,0.0,0.0,0,0.5,461,,2024-11-30T01:00:08.130168Z,4.1,https://resources.premierleague.com/premierleague/photos/players/250x250/p245719.png,1.8,8.8,a,Southampton,20,24,0.1,5.9,Harwood-Bellis,1039,1,0,1,21,0,0,0,5,0,0,0,104,290.8,98.6,107.0,49.8,12,1.16,0.17,1.33,24.20,49,170,128,107,,,,0.1,0.0,0.01,0.11,2.1,1.82,1.04,0.09,Defender,1.0,5.85,-0.33,"['Aston Villa', 'Away']","[4, 4, 3]",3.67,"['Aston Villa', 'Spurs', 'Fulham']","[4, 4, 3, 2, 2]",3.0,"['Aston Villa', 'Spurs', 'Fulham', 'West Ham', 'Crystal Palace']",461,47327321,8495,503977,1,2024,8495,1.73,1,1.73,0.91,9,7,2.63,1.92
DEF,0.0,-1.0,-4,0.0,472,Suspended until 26 Dec,2024-12-05T00:30:08.671176Z,4.0,https://resources.premierleague.com/premierleague/photos/players/250x250/p88900.png,1.0,0.8,s,Southampton,20,10,0.0,2.5,Stephens,793,0,0,1,20,0,0,0,2,2,0,2,39,127.2,51.5,17.0,19.6,10,0.28,0.20,0.48,19.16,217,246,310,271,,,,0.03,0.0,0.02,0.05,2.17,2.27,1.13,0.11,Defender,0.0,2.5,-0.48,"['Aston Villa', 'Away']","[4, 4, 3]",3.67,"['Aston Villa', 'Spurs', 'Fulham']","[4, 4, 3, 2, 2]",3.0,"['Aston Villa', 'Spurs', 'Fulham', 'West Ham', 'Crystal Palace']",472,6adbc307,1735,163744,1,2024,1735,0.21,0,0.21,0.26,2,2,2.21,2.21
DEF,0.5,0.0,0,1.0,474,,2024-10-20T11:00:06.390070Z,4.5,https://resources.premierleague.com/premierleague/photos/players/250x250/p219279.png,2.1,0.2,a,Southampton,20,27,0.2,6.0,Sugawara,763,1,1,1,19,0,0,0,2,0,0,0,98,186.0,175.7,55.0,41.5,9,0.29,1.56,1.85,19.02,148,84,210,140,3.0,2.0,,0.03,0.0,0.18,0.21,2.24,2.24,1.06,0.12,Defender,2.0,6.0,0.15,"['Aston Villa', 'Away']","[4, 4, 3]",3.67,"['Aston Villa', 'Spurs', 'Fulham']","[4, 4, 3, 2, 2]",3.0,"['Aston Villa', 'Spurs', 'Fulham', 'West Ham', 'Crystal Palace']",474,580bcd18,12761,405385,1,2024,12761,0.19,1,0.19,2.79,6,12,2.07,1.23
DEF,-0.3,-0.8,1,0.2,475,,,3.9,https://resources.premierleague.com/premierleague/photos/players/250x250/p103914.png,1.0,4.8,a,Southampton,20,6,0.1,1.5,Taylor,218,0,0,0,6,0,0,0,1,0,0,0,30,68.6,25.4,2.0,9.7,2,0.00,0.09,0.09,4.40,301,308,378,336,,,,0.0,0.0,0.04,0.04,1.82,2.48,0.83,0.0,Defender,0.0,1.54,-0.09,"['Aston Villa', 'Away']","[4, 4, 3]",3.67,"['Aston Villa', 'Spurs', 'Fulham']","[4, 4, 3, 2, 2]",3.0,"['Aston Villa', 'Spurs', 'Fulham', 'West Ham', 'Crystal Palace']",475,cc2d7ad5,6044,195633,1,2024,6044,0.0,0,0.0,0.06,0,1,0.64,0.58
DEF,0.7,0.2,3,1.2,476,,,4.4,https://resources.premierleague.com/premierleague/photos/players/250x250/p158534.png,2.2,0.4,a,Southampton,20,26,0.3,5.9,Walker-Peters,1070,0,2,1,26,0,0,0,3,0,0,3,122,230.2,137.3,87.0,45.5,12,0.24,1.05,1.29,30.22,101,122,148,129,,,,0.02,0.0,0.09,0.11,2.54,2.19,1.01,0.08,Defender,2.0,5.91,0.71,"['Aston Villa', 'Away']","[4, 4, 3]",3.67,"['Aston Villa', 'Spurs', 'Fulham']","[4, 4, 3, 2, 2]",3.0,"['Aston Villa', 'Spurs', 'Fulham', 'West Ham', 'Crystal Palace']",476,984a5a64,885,341051,1,2024,885,0.43,0,0.43,1.27,8,7,3.6,3.23
DEF,-0.5,-1.0,0,0.0,477,,,4.0,https://resources.premierleague.com/premierleague/photos/players/250x250/p244845.png,0.0,1.3,a,Southampton,20,0,0.0,0.0,Wood,90,0,0,0,5,0,0,0,0,0,0,0,-2,11.4,0.3,0.0,1.2,1,0.00,0.00,0.0,5.43,411,431,438,440,,,,0.0,0.0,0.0,0.0,5.43,5.0,1.0,0.0,Defender,0.0,0.0,0.0,"['Aston Villa', 'Away']","[4, 4, 3]",3.67,"['Aston Villa', 'Spurs', 'Fulham']","[4, 4, 3, 2, 2]",3.0,"['Aston Villa', 'Spurs', 'Fulham', 'West Ham', 'Crystal Palace']",477,4ccf2d5b,12763,503990,1,2024,12763,0.0,0,0.0,0.0,0,0,0.65,0.65
DEF,2.2,2.7,1,2.2,484,,,4.3,https://resources.premierleague.com/premierleague/photos/players/250x250/p115556.png,2.5,0.2,a,Spurs,6,10,0.5,2.3,Davies,270,0,0,1,2,0,0,0,1,0,0,0,51,72.6,2.5,2.0,7.8,3,0.00,0.03,0.03,5.14,291,401,383,352,,,,0.0,0.0,0.01,0.01,1.71,0.67,1.0,0.33,Defender,0.0,2.33,-0.03,"['Chelsea', 'Home']","[4, 2, 5]",3.67,"['Chelsea', 'Southampton', 'Liverpool']","[4, 2, 5, 2, 2]",3.0,"['Chelsea', 'Southampton', 'Liverpool', ""Nott'm Forest"", 'Wolves']",484,44781702,660,192765,1,2024,660,0.0,0,0.0,0.0,0,0,1.32,1.32
DEF,2.8,3.3,2,2.8,486,,,4.3,https://resources.premierleague.com/premierleague/photos/players/250x250/p493125.png,2.1,0.3,a,Spurs,6,15,0.7,3.5,Dragusin,549,0,0,1,7,0,0,0,0,0,0,0,68,115.2,7.0,31.0,15.4,6,0.05,0.05,0.1,12.19,229,377,260,301,,,,0.01,0.0,0.01,0.02,2.0,1.15,0.98,0.16,Defender,0.0,3.49,-0.1,"['Chelsea', 'Home']","[4, 2, 5]",3.67,"['Chelsea', 'Southampton', 'Liverpool']","[4, 2, 5, 2, 2]",3.0,"['Chelsea', 'Southampton', 'Liverpool', ""Nott'm Forest"", 'Wolves']",486,620922ed,9105,568559,1,2024,9105,0.06,0,0.06,0.0,3,0,1.9,1.9
DEF,5.2,5.7,1,5.2,495,,2024-08-19T23:00:06.196679Z,5.6,https://resources.premierleague.com/premierleague/photos/players/250x250/p441164.png,3.7,30.5,a,Spurs,6,52,0.9,9.3,Pedro Porro,1195,2,1,3,14,0,0,0,2,0,0,3,219,343.2,362.3,134.0,84.1,13,1.16,1.51,2.67,18.73,24,16,104,28,2.0,1.0,,0.09,0.0,0.11,0.2,1.41,1.05,0.98,0.23,Defender,3.0,9.29,0.33,"['Chelsea', 'Home']","[4, 2, 5]",3.67,"['Chelsea', 'Southampton', 'Liverpool']","[4, 2, 5, 2, 2]",3.0,"['Chelsea', 'Southampton', 'Liverpool', ""Nott'm Forest"", 'Wolves']",495,27d0a506,6912,553875,1,2024,6912,1.33,2,1.33,1.49,23,21,5.84,4.17
DEF,0.1,0.3,0,0.2,498,Foot injury - 50% chance of playing,2024-11-21T14:30:08.425075Z,5.0,https://resources.premierleague.com/premierleague/photos/players/250x250/p221632.png,3.1,5.7,d,Spurs,6,34,0.0,6.8,Romero,960,1,0,2,13,0,0,0,1,0,0,2,183,247.4,95.1,140.0,48.5,11,1.03,0.74,1.77,12.64,83,176,98,112,,,,0.1,0.0,0.07,0.17,1.18,1.22,1.03,0.19,Defender,1.0,6.8,-0.77,"['Chelsea', 'Home']","[4, 2, 5]",3.67,"['Chelsea', 'Southampton', 'Liverpool']","[4, 2, 5, 2, 2]",3.0,"['Chelsea', 'Southampton', 'Liverpool', ""Nott'm Forest"", 'Wolves']",498,a3d94a58,7218,355915,1,2024,7218,1.2,1,1.2,0.54,11,6,4.69,4.44
DEF,0.2,0.7,0,0.2,504,,2024-10-19T19:30:07.661626Z,4.4,https://resources.premierleague.com/premierleague/photos/players/250x250/p232859.png,0.8,0.1,a,Spurs,6,3,0.0,0.7,Spence,64,0,0,0,0,0,0,0,1,0,0,0,11,10.6,7.6,2.0,2.0,0,0.00,0.01,0.01,0.68,415,372,384,427,,,,0.0,0.0,0.01,0.01,0.96,0.0,0.0,0.0,Defender,0.0,0.68,-0.01,"['Chelsea', 'Home']","[4, 2, 5]",3.67,"['Chelsea', 'Southampton', 'Liverpool']","[4, 2, 5, 2, 2]",3.0,"['Chelsea', 'Southampton', 'Liverpool', ""Nott'm Forest"", 'Wolves']",504,9bc9a519,10764,483348,1,2024,10764,0.0,0,0.0,0.0,0,0,0.0,0.0
DEF,2.8,3.3,2,2.8,505,,2024-09-29T21:00:06.621002Z,4.9,https://resources.premierleague.com/premierleague/photos/players/250x250/p487053.png,2.4,3.2,a,Spurs,6,33,0.6,6.7,Udogie,1184,0,1,2,15,0,0,0,2,0,0,0,186,217.4,192.4,106.0,51.6,14,0.31,1.03,1.34,19.30,115,71,130,101,,,,0.02,0.0,0.08,0.1,1.47,1.14,1.06,0.15,Defender,1.0,6.73,-0.34,"['Chelsea', 'Home']","[4, 2, 5]",3.67,"['Chelsea', 'Southampton', 'Liverpool']","[4, 2, 5, 2, 2]",3.0,"['Chelsea', 'Southampton', 'Liverpool', ""Nott'm Forest"", 'Wolves']",505,7cd520e8,8831,556385,1,2024,8831,0.35,0,0.35,0.94,5,12,6.91,6.48
DEF,0.0,0.0,0,0.0,506,Hamstring injury - Expected back 15 Dec,2024-10-31T03:00:07.863084Z,4.5,https://resources.premierleague.com/premierleague/photos/players/250x250/p491279.png,3.4,4.1,i,Spurs,6,27,0.0,6.0,Van de Ven,710,0,2,2,8,0,0,0,4,0,0,2,128,148.0,36.3,36.0,22.1,8,0.21,0.69,0.9,7.75,188,284,248,254,,,,0.03,0.0,0.09,0.12,0.98,1.01,1.01,0.25,Defender,2.0,6.0,1.1,"['Chelsea', 'Home']","[4, 2, 5]",3.67,"['Chelsea', 'Southampton', 'Liverpool']","[4, 2, 5, 2, 2]",3.0,"['Chelsea', 'Southampton', 'Liverpool', ""Nott'm Forest"", 'Wolves']",506,8fe2a392,10050,557459,1,2024,10050,0.23,0,0.23,1.18,4,2,4.28,3.1
DEF,7.0,7.0,1,7.0,388,,,4.5,https://resources.premierleague.com/premierleague/photos/players/250x250/p214590.png,3.1,5.2,a,West Ham,21,40,1.6,8.9,Wan-Bissaka,1084,2,0,2,25,0,0,0,0,0,0,3,138,283.8,159.4,84.0,52.6,12,0.63,0.85,1.48,22.53,53,99,156,99,,,,0.05,0.0,0.07,0.12,1.87,2.08,1.0,0.17,Defender,2.0,8.89,0.52,"['Wolves', 'Home']","[2, 3, 2]",2.33,"['Wolves', 'Bournemouth', 'Brighton']","[2, 3, 2, 2, 5]",2.8,"['Wolves', 'Bournemouth', 'Brighton', 'Southampton', 'Liverpool']",388,9e525177,5584,477758,1,2024,5584,0.61,2,0.61,0.41,7,9,2.8,2.06
DEF,0.5,0.5,0,0.5,516,,,4.2,https://resources.premierleague.com/premierleague/photos/players/250x250/p164555.png,1.4,0.5,a,West Ham,21,11,0.1,2.6,Coufal,322,0,0,1,5,0,0,0,2,0,0,0,17,30.2,33.2,7.0,6.7,3,0.02,0.24,0.26,5.66,364,289,347,362,,,,0.01,0.0,0.07,0.08,1.58,1.4,0.84,0.28,Defender,0.0,2.62,-0.26,"['Wolves', 'Home']","[2, 3, 2]",2.33,"['Wolves', 'Bournemouth', 'Brighton']","[2, 3, 2, 2, 5]",2.8,"['Wolves', 'Bournemouth', 'Brighton', 'Southampton', 'Liverpool']",516,fdf3cb77,8965,157672,1,2024,8965,0.03,0,0.03,0.24,1,2,1.28,1.16
DEF,0.0,0.0,0,0.0,517,,2024-08-30T04:00:05.718151Z,4.0,https://resources.premierleague.com/premierleague/photos/players/250x250/p55459.png,0.8,1.5,a,West Ham,21,3,0.0,0.8,Cresswell,26,0,0,0,0,0,0,0,1,0,0,0,9,4.8,11.8,1.0,1.8,0,0.03,0.01,0.04,0.94,442,350,400,431,,2.0,,0.1,0.0,0.03,0.13,3.25,0.0,0.0,0.0,Defender,0.0,0.75,-0.04,"['Wolves', 'Home']","[2, 3, 2]",2.33,"['Wolves', 'Bournemouth', 'Brighton']","[2, 3, 2, 2, 5]",2.8,"['Wolves', 'Bournemouth', 'Brighton', 'Southampton', 'Liverpool']",517,4f974391,534,92571,1,2024,534,0.04,0,0.04,0.02,1,1,0.08,0.08
DEF,5.2,5.2,1,5.2,520,,2024-09-14T18:00:06.450752Z,4.4,https://resources.premierleague.com/premierleague/photos/players/250x250/p109533.png,2.4,1.1,a,West Ham,21,34,1.2,7.7,Emerson,1017,1,1,3,24,0,0,0,4,0,0,0,104,226.8,187.9,77.0,49.0,13,1.10,1.36,2.46,21.12,105,73,170,110,3.0,,,0.1,0.0,0.12,0.22,1.87,2.12,1.15,0.27,Defender,2.0,7.73,-0.46,"['Wolves', 'Home']","[2, 3, 2]",2.33,"['Wolves', 'Bournemouth', 'Brighton']","[2, 3, 2, 2, 5]",2.8,"['Wolves', 'Bournemouth', 'Brighton', 'Southampton', 'Liverpool']",520,e0bc6fdc,1245,181778,1,2024,1245,1.02,1,1.02,0.54,8,11,2.84,1.72
DEF,3.2,3.2,1,3.2,524,,,4.5,https://resources.premierleague.com/premierleague/photos/players/250x250/p214048.png,2.4,1.9,a,West Ham,21,34,0.7,7.6,Kilman,1260,0,1,3,27,0,0,0,3,0,0,3,144,313.8,98.4,52.0,46.6,14,0.86,0.18,1.04,25.41,39,171,215,120,,,,0.06,0.0,0.01,0.07,1.82,1.93,1.0,0.21,Defender,1.0,7.56,-0.04,"['Wolves', 'Home']","[2, 3, 2]",2.33,"['Wolves', 'Bournemouth', 'Brighton']","[2, 3, 2, 2, 5]",2.8,"['Wolves', 'Bournemouth', 'Brighton', 'Southampton', 'Liverpool']",524,d0f72bf1,7332,525247,1,2024,7332,1.3,0,1.3,0.37,6,8,3.34,3.01
DEF,0.5,0.4,1,0.5,528,,2024-11-30T22:00:08.032136Z,4.4,https://resources.premierleague.com/premierleague/photos/players/250x250/p233963.png,1.6,0.2,a,West Ham,21,18,0.1,4.1,Mavropanos,773,0,0,1,15,0,0,0,1,0,0,2,93,201.2,22.8,77.0,30.2,8,0.62,0.32,0.94,15.99,126,316,171,208,,,,0.07,0.0,0.04,0.11,1.86,1.75,0.93,0.12,Defender,0.0,4.09,-0.94,"['Wolves', 'Home']","[2, 3, 2]",2.33,"['Wolves', 'Bournemouth', 'Brighton']","[2, 3, 2, 2, 5]",2.8,"['Wolves', 'Bournemouth', 'Brighton', 'Southampton', 'Liverpool']",528,00963611,6722,415912,1,2024,6722,0.41,0,0.41,0.27,9,1,1.96,1.88
DEF,1.4,1.4,0,1.8,591,Knock - 75% chance of playing,2024-12-03T11:00:08.140652Z,4.3,https://resources.premierleague.com/premierleague/photos/players/250x250/p462116.png,1.5,0.3,d,West Ham,21,15,0.4,3.5,Todibo,648,0,0,1,15,0,0,0,0,0,0,0,69,141.2,24.3,14.0,17.9,7,0.10,0.02,0.12,11.89,197,310,317,281,,,,0.01,0.0,0.0,0.01,1.65,2.08,0.97,0.14,Defender,0.0,3.49,-0.12,"['Wolves', 'Home']","[2, 3, 2]",2.33,"['Wolves', 'Bournemouth', 'Brighton']","[2, 3, 2, 2, 5]",2.8,"['Wolves', 'Bournemouth', 'Brighton', 'Southampton', 'Liverpool']",591,88f130ed,6816,605184,1,2024,6816,0.1,0,0.1,0.03,2,2,1.27,1.27
DEF,2.0,2.0,0,2.0,533,,2024-09-08T23:00:07.055579Z,4.9,https://resources.premierleague.com/premierleague/photos/players/250x250/p448514.png,2.7,15.8,a,Wolves,39,38,0.4,7.8,Aït-Nouri,1194,3,2,1,35,0,0,0,4,0,0,2,105,324.8,163.3,166.0,65.5,14,1.26,0.70,1.96,23.63,34,95,83,58,,,,0.09,0.0,0.05,0.14,1.78,2.64,1.06,0.08,Defender,5.0,7.76,3.04,"['West Ham', 'Away']","[2, 2, 2]",2.0,"['West Ham', 'Ipswich', 'Leicester']","[2, 2, 2, 3, 4]",2.6,"['West Ham', 'Ipswich', 'Leicester', 'Man Utd', 'Spurs']",533,9b398aea,6674,578391,1,2024,6674,2.02,3,2.02,1.05,14,11,4.94,2.21
DEF,0.8,0.8,-4,0.8,542,,,4.4,https://resources.premierleague.com/premierleague/photos/players/250x250/p60232.png,1.2,0.2,a,Wolves,39,14,0.2,3.2,Dawson,884,0,1,1,23,2,0,0,2,0,0,1,49,196.8,29.7,49.0,27.6,9,0.46,0.07,0.53,16.72,135,297,222,225,,,,0.05,0.0,0.01,0.06,1.7,2.34,0.92,0.1,Defender,1.0,3.18,0.47,"['West Ham', 'Away']","[2, 2, 2]",2.0,"['West Ham', 'Ipswich', 'Leicester']","[2, 2, 2, 3, 4]",2.6,"['West Ham', 'Ipswich', 'Leicester', 'Man Utd', 'Spurs']",542,3e9e06cb,804,121477,1,2024,804,0.38,0,0.38,0.07,4,2,2.33,2.32
DEF,0.5,0.5,0,0.5,543,,,4.3,https://resources.premierleague.com/premierleague/photos/players/250x250/p87835.png,0.6,0.1,a,Wolves,39,4,0.1,0.9,Doherty,288,0,0,0,13,0,0,0,0,0,0,0,10,47.4,48.8,19.0,11.5,3,0.08,0.37,0.45,4.26,333,255,302,322,,,,0.02,0.0,0.12,0.14,1.33,4.06,0.94,0.0,Defender,0.0,0.93,-0.45,"['West Ham', 'Away']","[2, 2, 2]",2.0,"['West Ham', 'Ipswich', 'Leicester']","[2, 2, 2, 3, 4]",2.6,"['West Ham', 'Ipswich', 'Leicester', 'Man Utd', 'Spurs']",543,d557d734,6852,171679,1,2024,6852,0.09,0,0.09,0.86,2,4,1.79,0.94
DEF,0.0,0.0,0,0.0,558,Knee injury - Expected back 01 Jun,2024-09-21T20:30:06.017799Z,3.9,https://resources.premierleague.com/premierleague/photos/players/250x250/p501837.png,0.6,0.5,i,Wolves,39,3,0.0,0.8,Mosquera,441,0,0,0,12,0,0,0,2,0,0,0,24,110.2,27.3,21.0,16.0,5,0.33,0.03,0.36,5.63,235,300,290,295,,,,0.07,0.0,0.01,0.08,1.15,2.45,1.02,0.0,Defender,0.0,0.77,-0.36,"['West Ham', 'Away']","[2, 2, 2]",2.0,"['West Ham', 'Ipswich', 'Leicester']","[2, 2, 2, 3, 4]",2.6,"['West Ham', 'Ipswich', 'Leicester', 'Man Utd', 'Spurs']",558,1e159d70,9958,716276,1,2024,9958,0.47,0,0.47,0.09,2,2,1.07,0.98
DEF,1.8,0.0,0,1.8,559,,2024-11-30T20:30:08.621993Z,4.5,https://resources.premierleague.com/premierleague/photos/players/250x250/p200402.png,1.6,0.2,a,Wolves,39,18,0.4,4.0,N.Semedo,960,0,2,1,23,0,0,0,5,0,0,0,55,200.0,114.0,60.0,37.5,11,0.50,0.65,1.15,20.38,130,149,206,159,,,,0.05,0.0,0.06,0.11,1.91,2.16,1.03,0.09,Defender,2.0,4.0,0.85,"['West Ham', 'Away']","[2, 2, 2]",2.0,"['West Ham', 'Ipswich', 'Leicester']","[2, 2, 2, 3, 4]",2.6,"['West Ham', 'Ipswich', 'Leicester', 'Man Utd', 'Spurs']",559,d04b94db,6163,231572,1,2024,6163,0.53,0,0.53,0.94,6,8,2.71,1.52
DEF,1.5,1.5,0,1.5,564,,2024-11-21T08:30:09.504880Z,4.3,https://resources.premierleague.com/premierleague/photos/players/250x250/p231480.png,1.4,0.1,a,Wolves,39,10,0.3,2.3,S.Bueno,520,0,0,1,14,0,0,0,0,0,0,0,30,107.4,4.0,17.0,12.8,6,0.21,0.02,0.23,10.23,240,391,312,312,,,,0.04,0.0,0.0,0.04,1.77,2.42,1.04,0.17,Defender,0.0,2.33,-0.23,"['West Ham', 'Away']","[2, 2, 2]",2.0,"['West Ham', 'Ipswich', 'Leicester']","[2, 2, 2, 3, 4]",2.6,"['West Ham', 'Ipswich', 'Leicester', 'Man Utd', 'Spurs']",564,edc98fac,10945,438001,1,2024,10945,0.09,0,0.09,0.0,1,0,2.12,2.12
DEF,3.0,3.0,1,3.0,567,,2024-09-15T23:00:06.339703Z,4.3,https://resources.premierleague.com/premierleague/photos/players/250x250/p510362.png,1.5,0.3,a,Wolves,39,18,0.7,4.2,Toti,903,0,1,1,24,0,0,0,4,0,0,2,60,170.4,32.0,19.0,22.1,11,0.03,0.31,0.34,19.02,165,292,303,253,,,,0.0,0.0,0.03,0.03,1.9,2.39,1.1,0.1,Defender,1.0,4.19,0.66,"['West Ham', 'Away']","[2, 2, 2]",2.0,"['West Ham', 'Ipswich', 'Leicester']","[2, 2, 2, 3, 4]",2.6,"['West Ham', 'Ipswich', 'Leicester', 'Man Utd', 'Spurs']",567,f0caab96,10293,606718,1,2024,10293,0.05,0,0.05,0.63,2,2,1.54,1.41
DEF,0.2,0.2,0,0.2,664,,,3.9,https://resources.premierleague.com/premierleague/photos/players/250x250/p517179.png,1.0,0.5,a,Wolves,39,1,0.1,0.3,Pond,1,0,0,0,0,0,0,0,0,0,0,0,3,0.0,0.0,0.0,0.0,0,0.00,0.00,0.0,0.00,472,449,408,474,,,,0.0,0.0,0.0,0.0,0.0,0.0,0.0,0.0,Defender,0.0,0.26,0.0,"['West Ham', 'Away']","[2, 2, 2]",2.0,"['West Ham', 'Ipswich', 'Leicester']","[2, 2, 2, 3, 4]",2.6,"['West Ham', 'Ipswich', 'Leicester', 'Man Utd', 'Spurs']",664,039c3d96,13117,821522,1,2024,13117,0.0,0,0.0,0.0,0,0,0.0,0.0
